stress,strain,time
0.0,0.0,0.0
3.233758939637079e-14,0.0,0.018750000000000003
9.701276818911236e-14,0.0,0.037500000000000006
1.2935035758548315e-13,0.0,0.05625000000000001
6.467517879274158e-14,0.0,0.07500000000000001
9.701276818911236e-14,0.0,0.09375000000000001
8.0843973490927e-14,0.0,0.11250000000000002
8.084397349092696e-14,0.0,0.13125000000000003
36.46887254301712,0.0,0.15000000000000002
109.28709881141263,0.023761006624999984,0.16875
181.86684880243146,0.04752201325,0.18750000000000003
254.20924259527962,0.07128301987500002,0.20625000000000004
326.31539500835754,0.0950440265,0.22500000000000003
398.18641562396965,0.11880503312499999,0.24375000000000002
469.8234088129141,0.14256603975000004,0.26250000000000007
541.2274737589632,0.16632704637500004,0.28125000000000006
592.4966480645144,0.190088053,0.30000000000000004
623.6972485615952,0.20088138,0.31875000000000003
654.798337022987,0.21167470700000002,0.3375
685.8003808384158,0.222468034,0.35625
716.7038452023656,0.233261361,0.375
747.5091931243838,0.24405468800000002,0.39375000000000004
778.2168854393487,0.25484801500000004,0.41250000000000003
808.8273808176854,0.26564134200000006,0.43125
822.9264595339487,0.276434669,0.45
820.568371500226,0.27653314300000004,0.46875
818.2217880683228,0.276631617,0.4875
815.8866552032418,0.276730091,0.50625
813.5629191237734,0.27682856499999997,0.525
811.2505263013159,0.276927039,0.54375
808.9494234586782,0.277025513,0.5625
806.6595575688954,0.27712398699999996,0.58125
804.1994246156942,0.277222461,0.6
801.5695667361264,0.277202711875,0.61875
798.9519747593087,0.27718296275,0.6375
796.3465910745546,0.277163213625,0.65625
793.7533583417546,0.2771434645,0.675
791.1722194901304,0.277123715375,0.69375
788.6031177169438,0.27710396625,0.7125
786.045996486252,0.277084217125,0.73125
783.511031214552,0.277064468,0.75
780.9981323635908,0.27705138525,0.76875
778.4969791287741,0.2770383025,0.7875
776.0075163431009,0.27702521975,0.80625
773.5296890986826,0.277012137,0.825
771.0634427455241,0.27699905425,0.84375
768.6087228903052,0.2769859715,0.8625
766.1654753951854,0.27697288875,0.8812500000000001
763.7442984123813,0.276959806,0.9
761.3451034016704,0.2769536635,0.9187500000000001
758.9571502029128,0.276947521,0.9375
756.5803860153882,0.2769413785,0.95625
754.2147582863619,0.27693523600000003,0.9750000000000001
751.8602147099416,0.2769290935,0.99375
749.516703225906,0.276922951,1.0125
747.1841720185423,0.2769168085,1.03125
744.8683218297028,0.276910666,1.05
742.5690824773096,0.276908271375,1.06875
740.280631794734,0.27690587675,1.0875
738.002919109578,0.27690348212500004,1.10625
735.7358939874345,0.2769010875,1.125
733.4795062307908,0.276898692875,1.14375
731.233705877893,0.27689629824999995,1.1625
728.9984432016624,0.276893903625,1.18125
726.775875971846,0.276891509,1.2
724.5659476935417,0.2768905525,1.21875
722.366394873931,0.27688959599999996,1.2375
720.177168781388,0.2768886395,1.25625
717.9982209131845,0.276887683,1.275
715.8295029943911,0.2768867265,1.29375
713.670966976809,0.27688577000000003,1.3125
711.522565037925,0.2768848135,1.33125
709.386298181076,0.276883857,1.35
707.2621123180701,0.27688423525,1.3687500000000001
705.1479050135156,0.27688461350000004,1.3875000000000002
703.0436293999671,0.27688499175000003,1.40625
700.9492388300989,0.27688537,1.425
698.8646868756668,0.27688574825,1.44375
696.7899273265165,0.2768861265,1.4625
694.7249141895213,0.27688650475,1.48125
692.6710937246395,0.276886883,1.5
690.628415479948,0.276888233375,1.51875
688.5953372034098,0.27688958374999995,1.5375
686.5718138057489,0.276890934125,1.55625
684.5578004094564,0.2768922845,1.575
682.5532523477933,0.27689363487499996,1.59375
680.5581251638364,0.27689498525,1.6124999999999998
678.5723746094553,0.276896335625,1.6312499999999999
676.5955313072955,0.276897686,1.65
674.6275528178548,0.27689875924999996,1.66875
672.6688222380029,0.2768998325,1.6875
670.719296132009,0.27690090575,1.70625
668.7789312681488,0.276901979,1.725
666.8476846177612,0.27690305225,1.74375
664.9255133542747,0.2769041255,1.7625
663.0123748522586,0.27690519875,1.78125
661.1076503615192,0.276906272,1.8
659.2112995448767,0.27690696975,1.81875
657.3238585795991,0.2769076675,1.8375
655.445285617753,0.27690836525000007,1.85625
653.57553900795,0.276909063,1.875
651.7145772944423,0.27690976075,1.89375
649.8623592161837,0.2769104585,1.9125
648.0188437059358,0.27691115625,1.93125
646.1837406729104,0.276911854,1.95
644.3570102514705,0.276912389375,1.96875
642.5388619796603,0.27691292475,1.9875
640.7292555486973,0.276913460125,2.00625
638.9281508391382,0.2769139955,2.025
637.13550791995,0.276914530875,2.04375
635.3512870476637,0.27691506625,2.0625
633.5754486654744,0.276915601625,2.0812500000000003
631.8088161631555,0.276916137,2.1
630.0513475271231,0.2769172345,2.11875
628.3021381802827,0.27691833200000004,2.1375
626.5611493302717,0.27691942950000004,2.15625
624.8283423669513,0.276920527,2.175
623.1036788614824,0.2769216245,2.19375
621.3871205655493,0.276922722,2.2125
619.6786294104733,0.2769238195,2.23125
617.9775537701498,0.276924917,2.25
616.2838579440731,0.276925614625,2.26875
614.5981201355938,0.27692631225,2.2875
612.920302967374,0.276927009875,2.30625
611.2503692376237,0.2769277075,2.325
609.5882819192748,0.276928405125,2.34375
607.9340041591987,0.27692910275000004,2.3625
606.2874992773145,0.27692980037500003,2.38125
604.6489536984825,0.276930498,2.4
603.0183303557806,0.27693134087500004,2.41875
601.3953694237441,0.27693218375,2.4375
599.7800349134615,0.2769330266250001,2.45625
598.1722910050177,0.2769338695,2.475
596.5721020467389,0.276934712375,2.4937500000000004
594.9794325544278,0.27693555525,2.5125
593.39424721055,0.276936398125,2.53125
591.816601417807,0.276937241,2.5500000000000003
590.2464598928656,0.276938142875,2.56875
588.6836969637147,0.27693904475000003,2.5875000000000004
587.12827797444,0.27693994662500004,2.60625
585.5801684319281,0.2769408485,2.625
584.0393340050312,0.276941750375,2.6437500000000003
582.5057405238759,0.27694265225000003,2.6625
580.9793539790732,0.276943554125,2.6812500000000004
579.459390953154,0.276944456,2.7
577.9458202120162,0.27694486949999997,2.71875
576.4393602360245,0.276945283,2.7375000000000003
574.9399776272298,0.2769456965,2.75625
573.4476391445404,0.27694611,2.7750000000000004
571.9623117029848,0.2769465235,2.79375
570.4839623730129,0.276946937,2.8125
569.0125583796978,0.27694735049999997,2.8312500000000003
567.5484061054793,0.276947764,2.85
566.0914719716129,0.27694839837499996,2.86875
564.6413835536201,0.27694903275,2.8875
563.1981086984324,0.276949667125,2.90625
561.7616154040186,0.2769503015,2.925
560.3318718186156,0.27695093587499997,2.94375
558.9088462400883,0.27695157025,2.9625
557.4925071151941,0.27695220462500003,2.98125
556.0828727286872,0.276952839,3.0
554.6799116602009,0.27695350575,3.01875
553.2835429471079,0.2769541725,3.0375
551.8937356263141,0.27695483925,3.0562500000000004
550.5104588801802,0.27695550599999996,3.075
549.1336820358114,0.27695617275,3.09375
547.7633745643516,0.2769568395,3.1125000000000003
546.3995060803334,0.27695750625,3.1312500000000005
545.0420852870925,0.276958173,3.1500000000000004
543.6910819563094,0.276958865125,3.16875
542.3464270555471,0.27695955725,3.1875000000000004
541.0080907674043,0.27696024937499997,3.2062500000000003
539.6760434145195,0.27696094149999995,3.2250000000000005
538.3502554589147,0.276961633625,3.2437500000000004
537.0306975013712,0.27696232574999996,3.2625
535.7173402807152,0.276963017875,3.2812500000000004
534.4097065057323,0.27696371,3.3000000000000003
533.1077686582819,0.276964110125,3.31875
531.8119475169258,0.27696451024999996,3.3375000000000004
530.5222143526211,0.276964910375,3.35625
529.2385405712778,0.2769653105,3.375
527.9608977130703,0.276965710625,3.3937500000000003
526.6892574518685,0.27696611075,3.4125
525.4235915945779,0.276966510875,3.4312500000000004
524.1639062302656,0.276966911,3.45
522.9101733181515,0.276967333375,3.46875
521.6623307993718,0.27696775575,3.4875000000000003
520.4203510078382,0.276968178125,3.50625
519.1842064073999,0.2769686005,3.5250000000000004
517.9538695912311,0.276969022875,3.54375
516.7293132812562,0.27696944525,3.5625
515.5105103274824,0.27696986762500003,3.5812500000000003
514.2977775071749,0.27697029,3.6
513.0910867980871,0.27697093637500003,3.61875
511.8900665098295,0.27697158275,3.6375
510.6946900094789,0.276972229125,3.65625
509.5049307892195,0.27697287550000005,3.675
508.3207624657021,0.276973521875,3.69375
507.14215877951904,0.27697416825,3.7125
505.96909359459255,0.276974814625,3.73125
504.8009037553665,0.276975461,3.75
503.6375654588124,0.27697569224999996,3.76875
502.4796921558991,0.2769759235,3.7875
501.3272581785445,0.27697615475,3.8062500000000004
500.1802379792496,0.27697638599999996,3.825
499.03860613050614,0.27697661725,3.84375
497.90233732421086,0.2769768485,3.8625000000000003
496.77140637112836,0.27697707974999997,3.8812500000000005
495.64590599780496,0.276977311,3.9000000000000004
494.5258108650293,0.276977619,3.91875
493.4109779551495,0.276977927,3.9375
492.3013825524609,0.276978235,3.9562500000000003
491.1970000573556,0.276978543,3.975
490.09780598578277,0.27697885099999997,3.99375
489.00377596865485,0.276979159,4.0125
487.9148857513575,0.276979467,4.03125
486.83120443353386,0.276979775,4.05
485.7527076823054,0.27698014374999996,4.06875
484.67927803872476,0.2769805125,4.0875
483.6108917035194,0.27698088125,4.10625
482.54752498922096,0.27698124999999996,4.125
481.4891543195815,0.27698161875,4.14375
480.4357562291098,0.27698198749999997,4.1625
479.3873073624934,0.27698235625,4.18125
478.3437399643532,0.276982725,4.2
477.30503104416925,0.27698306475,4.21875
476.2712022291551,0.2769834045,4.2375
475.2422305983657,0.27698374425,4.25625
474.21809333847796,0.27698408399999996,4.275
473.1987677433408,0.27698442375,4.29375
472.18423121347263,0.2769847635,4.3125
471.17446125550356,0.27698510325,4.33125
470.16941437794475,0.276985443,4.35
469.16906836739884,0.276985769,4.3687499999999995
468.17342221858905,0.276986095,4.387499999999999
467.1824538571076,0.276986421,4.40625
466.19614131224773,0.27698674700000003,4.425
465.21446271652815,0.27698707300000003,4.44375
464.23739630510926,0.276987399,4.4625
463.2649204154101,0.276987725,4.48125
462.29707372830836,0.276988051,4.5
461.3338345867954,0.27698841625,4.51875
460.37512119391056,0.2769887815,4.5375
459.42091229302366,0.27698914674999997,4.55625
458.4711867273645,0.276989512,4.575
457.5259234395643,0.27698987725,4.59375
456.58510147109246,0.2769902425,4.612500000000001
455.6486999618894,0.27699060774999995,4.6312500000000005
454.71652049445606,0.276990973,4.65
453.7885429864407,0.27699122249999997,4.66875
452.8649251052613,0.27699147199999996,4.6875
451.9456463745526,0.27699172149999995,4.70625
451.03068641413347,0.27699197099999995,4.725
450.1200249395132,0.27699222049999994,4.74375
449.21364176149484,0.27699247,4.7625
448.3115167857271,0.2769927195,4.78125
447.41361274548007,0.276992969,4.8
446.5199097912956,0.27699320725,4.81875
445.63040543364076,0.2769934455,4.8375
444.7450799524799,0.27699368375,4.85625
443.86391372042,0.27699392199999995,4.875
442.9868872022226,0.27699416025,4.89375
442.1139809544234,0.27699439849999996,4.9125
441.2451756248497,0.27699463674999997,4.93125
440.38026950049357,0.276994875,4.95
439.5192440085402,0.27699499437499997,4.96875
438.6622631150953,0.27699511374999997,4.987500000000001
437.8093078234232,0.27699523312499996,5.0062500000000005
436.9603592260339,0.27699535249999996,5.025
436.115398504211,0.276995471875,5.04375
435.2744069276468,0.27699559125,5.0625
434.43736585397556,0.276995710625,5.081250000000001
433.60440694893754,0.27699583,5.1000000000000005
432.77551125260084,0.27699604725000004,5.11875
431.9505096735289,0.27699626450000003,5.1375
431.12938392178006,0.27699648175,5.15625
430.3121157932852,0.276996699,5.175000000000001
429.4986871694979,0.27699691625,5.1937500000000005
428.6890800169911,0.2769971335,5.2125
427.88327638700713,0.27699735075000004,5.23125
427.0816693632043,0.276997568,5.25
426.2842398182498,0.276998053,5.26875
425.4905577665543,0.276998538,5.2875
424.70060560681105,0.276999023,5.30625
423.9143658204043,0.276999508,5.325
423.13182097102873,0.276999993,5.34375
422.3529537042152,0.277000478,5.362500000000001
421.57774674703484,0.277000963,5.3812500000000005
420.8059835729352,0.277001448,5.4
420.03764772412836,0.277001803125,5.41875
419.2729221549072,0.27700215824999996,5.4375
418.5117899084523,0.277002513375,5.45625
417.75423410759754,0.2770028685,5.475
417.0002379544163,0.27700322362499996,5.49375
416.2497847298983,0.27700357875000003,5.5125
415.5028577935785,0.277003933875,5.53125
414.75912556127815,0.277004289,5.55
414.0185725808857,0.277004438875,5.56875
413.28149849467894,0.27700458875000006,5.5875
412.5478869629318,0.277004738625,5.60625
411.81772172268256,0.27700488850000005,5.625
411.0909865873239,0.277005038375,5.64375
410.3676654462945,0.27700518825000003,5.6625
409.6477422646711,0.277005338125,5.68125
408.93127168459193,0.277005488,5.7
408.21823759007333,0.277005683875,5.71875
407.5085533390387,0.27700587975,5.737500000000001
406.8022031978896,0.277006075625,5.7562500000000005
406.0991715069443,0.2770062715,5.775
405.39944268004285,0.277006467375,5.79375
404.7030012042506,0.27700666325,5.8125
404.00983163946427,0.277006859125,5.831250000000001
403.32023824442336,0.277007055,5.8500000000000005
402.6342046762554,0.277007459125,5.86875
401.9513950425159,0.27700786325,5.8875
401.27179420098724,0.277008267375,5.90625
400.59538708054396,0.27700867149999997,5.925000000000001
399.9221586808654,0.277009075625,5.9437500000000005
399.25209407210383,0.27700947975,5.9625
398.5851783945059,0.277009883875,5.98125
397.92113171793466,0.277010288,6.0
397.2599401908445,0.277010519375,6.01875
396.6018551669446,0.27701075075,6.0375
395.946862055542,0.27701098212499997,6.05625
395.2949463344925,0.2770112135,6.075
394.6460935498878,0.277011444875,6.09375
394.0002893156508,0.27701167625,6.112500000000001
393.35751931330117,0.277011907625,6.1312500000000005
392.7180601400536,0.277012139,6.15
392.0818966584119,0.277012559875,6.16875
391.44872295356333,0.27701298074999997,6.1875
390.8185249830765,0.277013401625,6.20625
390.19128877048354,0.2770138225,6.225
389.56700040493376,0.277014243375,6.24375
388.94564604093216,0.27701466425,6.2625
388.3272118980318,0.277015085125,6.28125
387.7111794964939,0.277015506,6.3
387.0975368392614,0.27701559800000003,6.31875
386.48677674958503,0.27701569000000004,6.3375
385.8788856885755,0.277015782,6.35625
385.273850180951,0.27701587400000005,6.375
384.67165681469356,0.277015966,6.39375
384.0722922407971,0.27701605800000006,6.4125
383.47574317292566,0.27701615,6.43125
382.8821916930343,0.277016242,6.45
382.2916239992739,0.27701646125,6.46875
381.70383104869734,0.27701668050000006,6.487500000000001
381.1187998088461,0.27701689975,6.5062500000000005
380.5365173084915,0.27701711900000003,6.525
379.95697063730023,0.27701733824999997,6.54375
379.3801469455955,0.2770175575,6.5625
378.8060334440253,0.27701777675,6.581250000000001
378.23417748549014,0.277017996,6.6000000000000005
377.66456784226574,0.277017928625,6.61875
377.0976332571703,0.27701786125,6.6375
376.53336116595693,0.27701779387500003,6.65625
375.9717390633639,0.2770177265,6.675000000000001
375.4127545028821,0.27701765912500004,6.6937500000000005
374.856395096479,0.27701759175,6.7125
374.30264851428,0.277017524375,6.73125
373.7514088602995,0.277017457,6.75
373.2026642270544,0.277017328625,6.76875
372.6564963870286,0.27701720025000004,6.7875
372.11289323748076,0.277017071875,6.80625
371.57184273253154,0.2770169435,6.825
371.0333328829055,0.277016815125,6.84375
370.49735175558504,0.27701668675,6.862500000000001
369.9638874736273,0.27701655837499994,6.8812500000000005
369.43363001241846,0.27701643,6.9
368.9065653063261,0.277016758875,6.91875
368.38197755926126,0.27701708775,6.9375
367.8598551374032,0.277017416625,6.95625
367.3401864615813,0.2770177455,6.975
366.82296000698466,0.27701807437500003,6.99375
366.3081643029495,0.27701840325,7.0125
365.7957879327045,0.277018732125,7.03125
365.2850866564382,0.277019061,7.05
364.776051566208,0.277018912375,7.06875
364.2694066725227,0.27701876375,7.0875
363.76514074906856,0.277018615125,7.10625
363.26324262227723,0.2770184665,7.125
362.76370117103477,0.277018317875,7.14375
362.26650532647824,0.27701816925,7.1625
361.77164407170727,0.277018020625,7.18125
361.2796793132168,0.277017872,7.2
360.7905982599319,0.277018096625,7.21875
360.3038153091717,0.27701832125000003,7.237500000000001
359.8193196671706,0.27701854587499997,7.2562500000000005
359.3371005908776,0.2770187705,7.275
358.85714738767354,0.277018995125,7.29375
358.37944941517827,0.27701921975000005,7.3125
357.90399608097044,0.27701944437500003,7.331250000000001
357.43116553560884,0.277019669,7.3500000000000005
356.96094601211615,0.27702014687500004,7.36875
356.4929371055462,0.27702062475,7.3875
356.0271284330462,0.277021102625,7.40625
355.56350966050485,0.27702158050000003,7.425000000000001
355.1020705023645,0.277022058375,7.4437500000000005
354.6428007213944,0.27702253624999995,7.4625
354.1856901284206,0.27702301412499997,7.48125
353.7303730794093,0.277023492,7.5
353.2768406457665,0.27702373825,7.51875
352.8254394435674,0.2770239845,7.5375
352.37615946279374,0.27702423075,7.55625
351.9289907404584,0.277024477,7.575
351.4839233603937,0.27702472325,7.59375
351.04094745295714,0.2770249695,7.612500000000001
350.6000531948858,0.27702521575,7.6312500000000005
350.1608142972454,0.277025462,7.65
349.72322239385164,0.27702543687500003,7.66875
349.28768566965067,0.27702541175,7.6875
348.85419447184375,0.27702538662500004,7.70625
348.42273919297804,0.2770253615,7.725
347.99331027070014,0.27702533637500004,7.74375
347.5658981875862,0.27702531125,7.7625
347.14049347092975,0.277025286125,7.78125
346.717582055706,0.277025261,7.8
346.2971529345295,0.277025558625,7.81875
345.8786997884754,0.27702585625000004,7.8375
345.46221333675203,0.277026153875,7.85625
345.0476843421743,0.27702645150000005,7.875
344.63510361091795,0.277026749125,7.89375
344.22446199235657,0.27702704675,7.9125
343.8157503788185,0.277027344375,7.93125
343.4094654286756,0.277027642,7.95
343.00559646224315,0.27702826912500006,7.96875
342.60362712672224,0.27702889625000005,7.9875
342.2035484999044,0.277029523375,8.00625
341.8053517014542,0.2770301505,8.025
341.4090278927943,0.277030777625,8.04375
341.01456827682824,0.27703140475,8.0625
340.62196409778574,0.27703203187500003,8.081249999999999
340.2305386105521,0.277032659,8.1
339.8402853306892,0.277032850875,8.11875
339.45186583479637,0.27703304275,8.1375
339.06527150992764,0.27703323462499996,8.15625
338.6804937835424,0.2770334265,8.175
338.2975241234596,0.277033618375,8.19375
337.91635403750865,0.27703381025,8.2125
337.53697507342054,0.277034002125,8.23125
337.1589417785945,0.277034194,8.25
336.78224721222875,0.277034101125,8.26875
336.40732150626434,0.27703400825,8.2875
336.0341563526733,0.277033915375,8.30625
335.6627434824651,0.2770338225,8.325
335.29307466550256,0.277033729625,8.34375
334.92514171024146,0.27703363675,8.3625
334.5589364637056,0.277033543875,8.38125
334.1947736989455,0.277033451,8.4
333.8326442811498,0.27703356849999994,8.41875
333.4722162306316,0.277033686,8.4375
333.11348155633425,0.27703380349999995,8.45625
332.7564323048125,0.277033921,8.475
332.40106055997745,0.27703403849999997,8.493749999999999
332.04735844285733,0.27703415600000003,8.5125
331.69531811148596,0.2770342735,8.53125
331.3450940680435,0.277034391,8.549999999999999
330.99667801214406,0.27703461425,8.56875
330.6498993751689,0.2770348375,8.587499999999999
330.30475046647825,0.27703506074999995,8.60625
329.96122363149124,0.277035284,8.625
329.61931125167274,0.27703550725,8.643749999999999
329.27900574420863,0.27703573049999997,8.6625
328.9402995619146,0.27703595375,8.681249999999999
328.60304437331854,0.277036177,8.7
328.26723316342486,0.2770363085,8.71875
327.9329997700314,0.27703644,8.737499999999999
327.6003367824091,0.27703657149999994,8.75625
327.26923682465076,0.27703670300000005,8.774999999999999
326.93969255550763,0.2770368345,8.79375
326.6116966681507,0.277036966,8.8125
326.2852418901615,0.2770370975,8.831249999999999
325.9602198769533,0.277037229,8.85
325.6366237555239,0.277037294625,8.86875
325.31454779152364,0.27703736025000003,8.8875
324.99398484505264,0.27703742587499997,8.90625
324.67492780970014,0.2770374915,8.925
324.35736961252434,0.277037557125,8.94375
324.0413032137428,0.27703762275,8.9625
323.7267216066532,0.277037688375,8.98125
323.413810053705,0.277037754,9.0
323.10256098380086,0.27703794487500005,9.01875
322.79277462525226,0.27703813575,9.0375
322.4844441080034,0.27703832662500005,9.056249999999999
322.1775625942049,0.2770385175,9.075
321.87212327812404,0.277038708375,9.09375
321.5681193860536,0.27703889925,9.112499999999999
321.26554417610134,0.27703909012500005,9.131249999999998
320.964165319413,0.277039281,9.149999999999999
320.663976876634,0.277039324875,9.16875
320.36519855494873,0.27703936875,9.187499999999998
320.0678237312625,0.277039412625,9.206249999999999
319.77184581360353,0.27703945650000006,9.224999999999998
319.4772582409759,0.277039500375,9.243749999999999
319.1840544831399,0.27703954425,9.2625
318.8922280406171,0.27703958812499996,9.281249999999998
318.60188621295697,0.277039632,9.299999999999999
318.3130221886497,0.27703975,9.31875
318.0255154197218,0.27703986799999997,9.337499999999999
317.7393595313948,0.27703998599999996,9.35625
317.45454817878567,0.277040104,9.375
317.17107504690233,0.277040222,9.393749999999999
316.88893385035357,0.27704034,9.4125
316.608118333284,0.277040458,9.431249999999999
316.3286226529409,0.277040576,9.45
316.050440610794,0.27704069425,9.46875
315.77356565381046,0.2770408125,9.487499999999999
315.49799164283706,0.27704093074999997,9.50625
315.2237124675697,0.27704104900000004,9.524999999999999
314.950722046418,0.27704116725,9.54375
314.6790143262962,0.27704128549999996,9.5625
314.40858328263846,0.27704140374999997,9.581249999999999
314.1400627472941,0.277041522,9.6
313.8734446551696,0.27704205712499996,9.61875
313.6080811509768,0.27704259225,9.6375
313.3439663421472,0.2770431273749999,9.65625
313.0810943637437,0.2770436625,9.675
312.81945937846507,0.277044197625,9.69375
312.5590555763672,0.27704473274999997,9.7125
312.29987717480907,0.277045267875,9.73125
312.0414667974857,0.277045803,9.75
311.7838201959937,0.277046043875,9.76875
311.52738476279615,0.27704628475,9.7875
311.27215480928794,0.277046525625,9.806249999999999
311.018124673523,0.2770467665,9.825
310.7652887201488,0.277047007375,9.84375
310.5136413403398,0.27704724825,9.862499999999999
310.26317695161396,0.277047489125,9.881249999999998
310.01381306478885,0.27704773,9.899999999999999
309.7655444017712,0.27704792075,9.91875
309.5184426421931,0.27704811149999997,9.937499999999998
309.27250230530956,0.27704830225,9.956249999999999
309.02771793613147,0.277048493,9.974999999999998
308.78408410530574,0.27704868375,9.993749999999999
308.54159540892164,0.2770488745,10.0125
308.30024646853707,0.27704906525,10.031249999999998
308.0597132638875,0.277049256,10.049999999999999
307.81999151120976,0.277049239125,10.06875
307.58139561398934,0.27704922225,10.087499999999999
307.34392028429016,0.277049205375,10.10625
307.10756025896893,0.27704918850000004,10.125
306.8723102996901,0.277049171625,10.143749999999999
306.6381651926629,0.27704915475,10.1625
306.4051197485995,0.277049137875,10.181249999999999
306.17352027642175,0.277049121,10.2
305.9433604835511,0.277049333125,10.21875
305.7142826332287,0.27704954525000003,10.237499999999999
305.48628164375504,0.277049757375,10.25625
305.2593524573125,0.27704996950000005,10.274999999999999
305.0334900398542,0.277050181625,10.29375
304.808689380919,0.27705039374999996,10.3125
304.5849454936657,0.27705060587499997,10.331249999999999
304.3623884788085,0.277050818,10.35
304.1410129535107,0.277051118125,10.36875
303.92067849612795,0.27705141825,10.3875
303.70138021695624,0.277051718375,10.40625
303.48311324921394,0.2770520185,10.425
303.26587274906404,0.277052318625,10.44375
303.0496538953624,0.27705261875,10.4625
302.834451889624,0.277052918875,10.48125
302.6198678908334,0.277053219,10.5
302.40589843689384,0.27705326237500005,10.51875
302.1929341471234,0.27705330575,10.5375
301.98097030048024,0.277053349125,10.556249999999999
301.77000219803773,0.2770533925,10.575
301.5600251629403,0.277053435875,10.59375
301.3510345403555,0.27705347925,10.612499999999999
301.1430256973133,0.277053522625,10.631249999999998
300.936287940613,0.277053566,10.649999999999999
300.7308157173934,0.277053800875,10.66875
300.5263095828807,0.27705403575,10.687499999999998
300.3227649995197,0.277054270625,10.706249999999999
300.1201774510814,0.2770545055,10.724999999999998
299.91854244256325,0.277054740375,10.743749999999999
299.7178555000176,0.27705497525,10.7625
299.51811217059577,0.277055210125,10.781249999999998
299.31915722623734,0.277055445,10.799999999999999
299.1209867499403,0.277055581625,10.81875
298.92374763926784,0.27705571825,10.837499999999999
298.72743551976697,0.27705585487499995,10.85625
298.5320460374884,0.27705599150000004,10.875
298.3375748590169,0.277056128125,10.893749999999999
298.1440176712347,0.27705626475,10.9125
297.95137018129515,0.27705640137500004,10.931249999999999
297.7593829290051,0.277056538,10.95
297.56805246525556,0.277056514875,10.96875
297.37762054474626,0.27705649175,10.987499999999999
297.18808294717087,0.277056468625,11.00625
296.999435472059,0.2770564455,11.024999999999999
296.8116739386833,0.277056422375,11.04375
296.6247941858964,0.27705639925,11.0625
296.438792072179,0.277056376125,11.081249999999999
296.2536295175252,0.277056353,11.1
296.0693025304345,0.27705630774999995,11.11875
295.8858410961337,0.2770562625,11.1375
295.7032411492806,0.27705621724999996,11.15625
295.52149864358523,0.277056172,11.175
295.34060955184594,0.27705612675,11.19375
295.16056986572056,0.2770560815,11.2125
294.98137559570716,0.27705603624999997,11.23125
294.8031198484324,0.277055991,11.25
294.62579835358997,0.277056009,11.26875
294.4493097836246,0.277056027,11.2875
294.2736502264684,0.27705604500000003,11.306249999999999
294.09881578837314,0.27705606299999996,11.325
293.9248025938789,0.277056081,11.34375
293.75160678578305,0.27705609899999994,11.362499999999999
293.5792245249999,0.277056117,11.381249999999998
293.4079060031599,0.277056135,11.399999999999999
293.2376465846286,0.2770563185,11.41875
293.0681876428734,0.277056502,11.437499999999998
292.8995254181884,0.27705668549999996,11.456249999999999
292.73165616853964,0.27705686900000004,11.474999999999998
292.56457616948353,0.27705705249999996,11.493749999999999
292.3982817140136,0.277057236,11.5125
292.23276911261735,0.27705741949999996,11.531249999999998
292.0680026536992,0.277057603,11.549999999999999
291.90397878724247,0.277057765625,11.56875
291.7407260193586,0.27705792825,11.587499999999999
291.57824072833995,0.277058090875,11.60625
291.4165193094469,0.2770582535,11.625
291.2555581749544,0.277058416125,11.643749999999999
291.0953537539325,0.27705857875,11.6625
290.93590249223723,0.277058741375,11.681249999999999
290.776794508788,0.277058904,11.7
290.61802761441083,0.277058801875,11.71875
290.46000597393925,0.27705869975,11.737499999999999
290.30272608703945,0.27705859762499996,11.75625
290.1461844698308,0.27705849550000006,11.774999999999999
289.99037765481046,0.277058393375,11.79375
289.83530219070667,0.27705829125000003,11.8125
289.6809546425395,0.277058189125,11.831249999999999
289.52771625573024,0.277058087,11.85
289.37558236675494,0.27705823549999997,11.86875
289.2241636697663,0.27705838400000005,11.8875
289.0734568056393,0.2770585325,11.90625
288.92345843098497,0.277058681,11.925
288.77416521819964,0.2770588295,11.94375
288.62557385525395,0.277058978,11.9625
288.4776810456883,0.2770591265,11.98125
288.33026191887564,0.277059275,12.0
288.1833139354205,0.277059279125,12.01875
288.0370561575867,0.27705928324999995,12.0375
287.8914853436326,0.277059287375,12.056249999999999
287.7465982669876,0.27705929149999997,12.075
287.6023917162368,0.277059295625,12.09375
287.45886249510204,0.27705929975,12.112499999999999
287.3160074223178,0.277059303875,12.131249999999998
287.17398007501777,0.277059308,12.149999999999999
287.03277678800276,0.27705941425,12.16875
286.8922371698449,0.27705952050000004,12.187499999999998
286.7523581034008,0.27705962674999995,12.206249999999999
286.6131364861803,0.27705973300000003,12.224999999999998
286.47456923027875,0.27705983925,12.243749999999999
286.3366532622408,0.2770599455,12.2625
286.19938552312783,0.27706005175,12.281249999999998
286.0626144744753,0.277060158,12.299999999999999
285.9263375725869,0.2770601675,12.31875
285.79070077964707,0.277060177,12.337499999999999
285.6557010891824,0.27706018649999997,12.35625
285.52133550879904,0.277060196,12.375
285.387601060239,0.2770602055,12.393749999999999
285.2544947791788,0.277060215,12.4125
285.1220137152312,0.2770602245,12.431249999999999
284.99048491821947,0.277060234,12.45
284.8599043839069,0.2770604585,12.46875
284.7299381406056,0.27706068300000003,12.487499999999999
284.6005833030901,0.2770609075,12.50625
284.47183699970014,0.27706113200000004,12.524999999999999
284.3436963722761,0.2770613565,12.54375
284.2161585760291,0.277061581,12.5625
284.08922077961233,0.2770618055,12.581249999999999
283.962644570039,0.27706203,12.6
283.83642791452684,0.277062101,12.61875
283.71080438482056,0.277062172,12.6375
283.5857711951173,0.277062243,12.65625
283.4613255726583,0.27706231400000003,12.675
283.3374647577885,0.277062385,12.69375
283.2141860037609,0.277062456,12.7125
283.0914865767428,0.277062527,12.73125
282.96915367724273,0.277062598,12.75
282.8471852854947,0.277062532125,12.76875
282.7257894697986,0.27706246625,12.7875
282.6049635408973,0.277062400375,12.806249999999999
282.48470482211036,0.2770623345,12.825
282.3650106493293,0.27706226862500005,12.84375
282.2458783710122,0.27706220275000004,12.862499999999999
282.1273053480709,0.27706213687500003,12.881249999999998
282.00976532357356,0.277062071,12.899999999999999
281.89325412191226,0.27706231550000004,12.91875
281.7772912173438,0.27706256,12.937499999999998
281.66187403460447,0.2770628045,12.956249999999999
281.547000010539,0.277063049,12.974999999999998
281.4326665940443,0.27706329350000003,12.993749999999999
281.3188712459463,0.277063538,13.0125
281.20561143907645,0.2770637825,13.031249999999998
281.0932246207668,0.277064027,13.049999999999999
280.9817071732991,0.277064493,13.06875
280.8707155333557,0.277064959,13.087499999999999
280.76024723131565,0.277065425,13.10625
280.6502998091173,0.277065891,13.125
280.5408708203233,0.27706635700000004,13.143749999999999
280.4319578299343,0.277066823,13.1625
280.3235584144007,0.27706728900000005,13.181249999999999
280.21474658352355,0.277067755,13.2
280.1055229632532,0.27706761925,13.21875
279.9968117547235,0.27706748350000004,13.237499999999999
279.88861055121816,0.27706734774999997,13.25625
279.780916957337,0.27706721200000006,13.274999999999999
279.6737285889442,0.27706707625,13.29375
279.5670430730492,0.2770669405,13.3125
279.4608580478856,0.27706680475,13.331249999999999
279.35516099455714,0.277066669,13.35
279.24994960667607,0.277066526625,13.36875
279.1452317569502,0.27706638425,13.3875
279.04100512732174,0.27706624187499995,13.40625
278.93726741058083,0.2770660995,13.425
278.83401631043296,0.27706595712500004,13.44375
278.7312495413162,0.27706581475000003,13.4625
278.6289648284169,0.277065672375,13.48125
278.52813854733824,0.27706553,13.5
278.4287652372663,0.27706602525,13.51875
278.3298608233816,0.2770665205,13.5375
278.23142310339136,0.27706701575000003,13.556249999999999
278.13344988529406,0.277067511,13.575
278.0359389873833,0.27706800625,13.59375
277.93888823825256,0.27706850149999995,13.612499999999999
277.84229547669395,0.27706899674999996,13.631249999999998
277.7451806792885,0.277069492,13.649999999999999
277.6475449097944,0.27706935012499995,13.66875
277.55036709934836,0.27706920825,13.687499999999998
277.4536450969877,0.27706906637499995,13.706249999999999
277.3573767618659,0.2770689245,13.724999999999998
277.2615599632043,0.277068782625,13.743749999999999
277.1661925801798,0.27706864075,13.7625
277.0712725020093,0.27706849887499996,13.781249999999998
276.976945737932,0.277068357,13.799999999999999
276.8832097114687,0.277068311625,13.81875
276.7899137481717,0.27706826625000003,13.837499999999999
276.69705578114605,0.27706822087499994,13.85625
276.60463375316414,0.27706817549999996,13.875
276.5126456167401,0.277068130125,13.893749999999999
276.42108933395156,0.27706808475,13.9125
276.3299628764617,0.27706803937499996,13.931249999999999
276.2398349867288,0.277067994,13.95
276.1507017848392,0.27706832049999996,13.96875
276.0619886479248,0.277068647,13.987499999999999
275.9736936030048,0.2770689735,14.00625
275.8858146863779,0.2770693,14.024999999999999
275.7983499435791,0.2770696265,14.04375
275.711297429271,0.277069953,14.0625
275.6246552073315,0.27707027949999996,14.081249999999999
275.5378285263969,0.277070606,14.1
275.45081741126444,0.27707054625,14.11875
275.36421471098856,0.2770704865,14.1375
275.27801850732044,0.27707042675,14.15625
275.19222689098075,0.277070367,14.175
275.1068379617363,0.27707030725000004,14.19375
275.02184982822695,0.2770702475,14.2125
274.93726060798895,0.27707018775000003,14.23125
274.8529504381113,0.277070128,14.25
274.76891784041715,0.27706999137500005,14.26875
274.6852793330389,0.27706985475,14.2875
274.6020330650328,0.27706971812500003,14.306249999999999
274.5191771940968,0.27706958150000005,14.325
274.4367098865816,0.277069444875,14.34375
274.35462931750214,0.27706930825000003,14.362499999999999
274.27293367044535,0.277069171625,14.381249999999998
274.191976640202,0.277069035,14.399999999999999
274.11175526224696,0.27706913,14.41875
274.03191108331845,0.27706922500000003,14.437499999999998
273.9524423317691,0.27706931999999995,14.456249999999999
273.8733472442856,0.27706941500000004,14.474999999999998
273.79462406584935,0.27706951,14.493749999999999
273.7162710496333,0.277069605,14.5125
273.6382864570923,0.27706970000000003,14.531249999999998
273.5608414169316,0.277069795,14.549999999999999
273.4839336403128,0.27707000262500003,14.56875
273.40738799010296,0.27707021025,14.587499999999999
273.3312027654611,0.277070417875,14.60625
273.25537627349604,0.2770706255,14.625
273.17990682934465,0.27707083312499997,14.643749999999999
273.1047927560063,0.27707104075,14.6625
273.03003238436975,0.27707124837499997,14.681249999999999
272.955493017903,0.277071456,14.7
272.8811734325376,0.27707157825,14.71875
272.8072034453052,0.27707170049999996,14.737499999999999
272.73358141419493,0.27707182275,14.75625
272.66030570492063,0.277071945,14.774999999999999
272.5873746908852,0.27707206725,14.79375
272.5147867530802,0.27707218949999995,14.8125
272.4425402801781,0.27707231174999997,14.831249999999999
272.3706348194964,0.277072434,14.85
272.2990687709584,0.277072557,14.86875
272.2278393909656,0.27707267999999996,14.8875
272.1569450982477,0.277072803,14.90625
272.08638431892285,0.277072926,14.925
272.01615548657844,0.27707304899999996,14.94375
271.9462570421079,0.277073172,14.9625
271.8766874337401,0.277073295,14.98125
271.80722506216136,0.277073418,15.0
271.7378691112865,0.27707339762500005,15.01875
271.6688388237714,0.27707337725000003,15.0375
271.600132670061,0.277073356875,15.056249999999999
271.53174912773267,0.2770733365,15.075
271.4636866815145,0.277073316125,15.09375
271.3959438233027,0.27707329575,15.112499999999999
271.3285190520769,0.27707327537500004,15.131249999999998
271.2612230501956,0.277073255,15.149999999999999
271.1940549462051,0.27707311225000003,15.16875
271.1272016964292,0.27707296950000004,15.187499999999998
271.060661822043,0.27707282675,15.206249999999999
270.99443385117974,0.27707268400000007,15.224999999999998
270.92851631889863,0.27707254125,15.243749999999999
270.8629077670884,0.2770723985,15.2625
270.7976067445631,0.27707225575,15.281249999999998
270.7332046312103,0.277072113,15.299999999999999
270.66969804651393,0.2770723565,15.31875
270.6064908016167,0.2770726,15.337499999999999
270.54358149057504,0.27707284349999994,15.35625
270.4809687140099,0.277073087,15.375
270.41865107919165,0.2770733305,15.393749999999999
270.3566271998812,0.277073574,15.4125
270.29489569636274,0.2770738175,15.431249999999999
270.2335119837607,0.277074061,15.45
270.17247450913953,0.2770743415,15.46875
270.111724938588,0.277074622,15.487499999999999
270.05126191986045,0.2770749025,15.50625
269.9910841070759,0.277075183,15.524999999999999
269.9311901606872,0.2770754635,15.54375
269.8715787473879,0.277075744,15.5625
269.81224854021013,0.2770760245,15.581249999999999
269.75234006204573,0.277076305,15.6
269.69185481070764,0.277076026375,15.61875
269.63165243338506,0.27707574775000005,15.6375
269.571731601471,0.277075469125,15.65625
269.5120909925603,0.2770751905,15.675
269.4527292905351,0.277074911875,15.69375
269.39364518540845,0.27707463325000004,15.7125
269.33483737335865,0.277074354625,15.73125
269.27636057763755,0.277074076,15.75
269.2182133230076,0.277073833875,15.76875
269.1603381202873,0.27707359175,15.7875
269.1027336917243,0.277073349625,15.806249999999999
269.04539876551655,0.2770731075,15.825
268.98833207583624,0.277072865375,15.84375
268.9315323628505,0.27707262325000004,15.862499999999999
268.8749983726445,0.277072381125,15.881249999999998
268.81947171011063,0.277072139,15.899999999999999
268.764948698508,0.27707238087499997,15.91875
268.7106828254079,0.27707262275,15.9375
268.6566728831038,0.27707286462499997,15.956249999999999
268.6029176695356,0.2770731065,15.975
268.54941598825144,0.277073348375,15.99375
268.4961666484948,0.27707359025,16.0125
268.44316846506376,0.27707383212500003,16.03125
268.3901261483804,0.277074074,16.05
268.33703948821915,0.27707412425,16.06875
268.28420238532266,0.2770741745,16.0875
268.23161366756665,0.27707422475,16.10625
268.17927216828076,0.27707427500000004,16.125
268.12717672635085,0.27707432525,16.14375
268.07532618606535,0.2770743755,16.1625
268.0237193972169,0.27707442575,16.18125
267.9722573701632,0.277074476,16.2
267.92093928604015,0.2770744625,16.21875
267.8698621746927,0.277074449,16.2375
267.81902490429036,0.2770744355,16.25625
267.768426348395,0.277074422,16.275
267.71806538580853,0.2770744085,16.29375
267.6679409005486,0.27707439500000003,16.3125
267.6180517819496,0.2770743815,16.33125
267.5686346298137,0.277074368,16.35
267.5196875648315,0.27707450937500006,16.368750000000002
267.47097101121955,0.27707465075000004,16.387500000000003
267.422483886359,0.277074792125,16.40625
267.374225112665,0.2770749335,16.425
267.3261936175384,0.277075074875,16.44375
267.2783883335697,0.27707521625,16.4625
267.2308081982863,0.277075357625,16.48125
267.1836230947539,0.277075499,16.5
267.136831410262,0.27707575175,16.51875
267.0902605990263,0.27707600450000003,16.5375
267.0439096236962,0.27707625725,16.55625
266.99777745174316,0.27707651,16.575
266.951863055412,0.27707676275,16.59375
266.9061654119265,0.27707701549999997,16.612499999999997
266.86068350323853,0.27707726825,16.631249999999998
266.8150460406616,0.277077521,16.65
266.7692532292109,0.2770775325,16.66875
266.72367554828264,0.277077544,16.6875
266.67831198744807,0.2770775555,16.70625
266.6331615409997,0.27707756699999997,16.725
266.58822320802847,0.27707757850000003,16.74375
266.5434959922767,0.27707759,16.7625
266.49897890211525,0.2770776015,16.78125
266.454513247874,0.277077613,16.8
266.4100985640786,0.27707752175,16.81875
266.3658920902901,0.2770774305,16.8375
266.32189284858447,0.27707733925,16.85625
266.2780998655802,0.277077248,16.875
266.2345121725435,0.27707715675,16.89375
266.1911288052398,0.2770770655,16.9125
266.14794880403906,0.27707697425,16.93125
266.1050972608759,0.277076883,16.95
266.06257281189573,0.277076873875,16.96875
266.02024805269303,0.27707686475000004,16.987499999999997
265.9781220453619,0.277076855625,17.006249999999998
265.9361938563512,0.2770768465,17.025
265.8944625565699,0.277076837375,17.04375
265.8529272212399,0.27707682825,17.0625
265.81158693000265,0.27707681912500004,17.081249999999997
265.7710063480096,0.27707681,17.099999999999998
265.73118270985725,0.277077169375,17.11875
265.6915476819683,0.27707752875,17.1375
265.65210037844986,0.277077888125,17.15625
265.6128399176454,0.2770782475,17.174999999999997
265.5737654219889,0.277078606875,17.193749999999998
265.53487601798633,0.27707896625,17.2125
265.4961708363212,0.27707932562500004,17.23125
265.4571383003191,0.277079685,17.25
265.4177792225313,0.277079711625,17.26875
265.3786051230839,0.27707973825000004,17.2875
265.33961513321765,0.277079764875,17.30625
265.30080838820396,0.2770797915,17.325
265.26218402730007,0.27707981812500004,17.34375
265.22374119395636,0.27707984474999997,17.362499999999997
265.1854790355717,0.277079871375,17.381249999999998
265.14735622261634,0.277079898,17.4
265.1093720431717,0.27707989825,17.41875
265.07156626951985,0.2770798985,17.4375
265.03393806372196,0.27707989875,17.45625
264.99648659174886,0.27707989899999996,17.475
264.95921102356476,0.27707989925,17.49375
264.9221105329821,0.2770798995,17.5125
264.88518429764315,0.27707989975,17.53125
264.848701435628,0.2770799,17.55
264.8126602476524,0.277080076125,17.56875
264.7767891059887,0.27708025225,17.5875
264.7410872119608,0.277080428375,17.60625
264.7055537705935,0.2770806045,17.625
264.67018799072076,0.27708078062499997,17.64375
264.63498908484223,0.27708095675,17.6625
264.5999562692315,0.277081132875,17.68125
264.5648654474567,0.277081309,17.7
264.529716574882,0.27708133962500003,17.71875
264.49473292356794,0.27708137025,17.737499999999997
264.45991371750097,0.277081400875,17.756249999999998
264.425258184262,0.2770814315,17.775
264.39076555513475,0.277081462125,17.79375
264.35643506496353,0.27708149275000005,17.8125
264.3222659522614,0.277081523375,17.831249999999997
264.28844317231034,0.277081554,17.849999999999998
264.25496536202525,0.277081705625,17.86875
264.2216454515561,0.27708185725,17.8875
264.1884826992514,0.277082008875,17.90625
264.15547636701785,0.2770821605,17.924999999999997
264.12262572017954,0.277082312125,17.943749999999998
264.08993002746075,0.27708246375,17.9625
264.0573885610955,0.277082615375,17.98125
264.0247247127827,0.277082767,18.0
263.991938665702,0.277082738875,18.01875
263.95930648607475,0.27708271075,18.0375
263.92682745126416,0.277082682625,18.05625
263.89450084197654,0.2770826545,18.075
263.862325942223,0.277082626375,18.09375
263.8303020395265,0.27708259825,18.112499999999997
263.7984284246814,0.277082570125,18.131249999999998
263.76683158998657,0.277082542,18.15
263.7355104160432,0.27708259674999997,18.16875
263.7043365904629,0.2770826515,18.1875
263.6733094211775,0.27708270625,18.20625
263.6424282193445,0.27708276099999996,18.225
263.6116922994313,0.27708281575,18.24375
263.5811009790758,0.27708287049999997,18.2625
263.5506535790703,0.27708292525,18.28125
263.520425972629,0.27708298,18.3
263.4904172360613,0.277083084625,18.31875
263.4605499009326,0.27708318925,18.3375
263.4308233031067,0.27708329387499997,18.35625
263.4012367815163,0.27708339849999997,18.375
263.3717896782743,0.27708350312499996,18.39375
263.34248133853316,0.27708360775,18.4125
263.31331111059603,0.277083712375,18.43125
263.28375957655527,0.277083817,18.45
263.253827790851,0.277083583625,18.46875
263.2240355723417,0.27708335025,18.487499999999997
263.19438226550585,0.27708311687500004,18.506249999999998
263.1648672178515,0.2770828835,18.525
263.1354897800254,0.277082650125,18.54375
263.10624930567434,0.27708241675,18.5625
263.0771451515562,0.277082183375,18.581249999999997
263.0489889809815,0.27708195,18.599999999999998
263.0217774944886,0.277082245875,18.61875
262.99469510460403,0.27708254175,18.6375
262.96774120496065,0.277082837625,18.65625
262.9409151921122,0.2770831335,18.674999999999997
262.9142164653986,0.277083429375,18.693749999999998
262.88764442693076,0.27708372525,18.7125
262.8611984817017,0.277084021125,18.73125
262.8347360666078,0.277084317,18.75
262.8082570574727,0.27708452037500003,18.76875
262.78190330154524,0.27708472375000004,18.7875
262.75567421058395,0.277084927125,18.80625
262.7295691990604,0.2770851305,18.825
262.70358768412177,0.277085333875,18.84375
262.6777290858017,0.27708553724999996,18.862499999999997
262.6519928267838,0.27708574062499997,18.881249999999998
262.6260487297785,0.277085944,18.9
262.5998973031059,0.277085932625,18.91875
262.5738686553076,0.27708592125,18.9375
262.547962209714,0.277085909875,18.95625
262.52217739233873,0.2770858985,18.975
262.49651363196625,0.277085887125,18.99375
262.47097036001406,0.27708587575,19.0125
262.4455470105206,0.277085864375,19.03125
262.42001490760725,0.277085853,19.05
262.39437423823034,0.27708569299999997,19.06875
262.368853301193,0.277085533,19.0875
262.343451534134,0.277085373,19.10625
262.3181683772844,0.277085213,19.125
262.29300327357873,0.277085053,19.14375
262.2679556685181,0.277084893,19.1625
262.2430250102828,0.27708473299999997,19.18125
262.21890602313783,0.277084573,19.2
262.19559588170335,0.277084866,19.21875
262.1723965004743,0.277085159,19.237499999999997
262.1493073592307,0.277085452,19.256249999999998
262.1263279401458,0.277085745,19.275
262.1034577279,0.277086038,19.29375
262.0806962095439,0.277086331,19.3125
262.05804287461143,0.277086624,19.331249999999997
262.03499532878556,0.277086917,19.349999999999998
262.01155471110866,0.277086883,19.36875
261.98822404154737,0.27708684899999997,19.3875
261.965002803671,0.277086815,19.40625
261.9418904835488,0.27708678099999995,19.424999999999997
261.9188865696138,0.277086747,19.443749999999998
261.8959905526526,0.277086713,19.4625
261.87320192591784,0.277086679,19.48125
261.8505865659902,0.277086645,19.5
261.8281437532976,0.27708665425,19.51875
261.8058063906492,0.27708666350000005,19.5375
261.78357398281526,0.27708667275000004,19.55625
261.76144603684253,0.277086682,19.575
261.7394220620187,0.27708669125,19.59375
261.71750157008404,0.2770867005,19.612499999999997
261.69568407499906,0.27708670975,19.631249999999998
261.6740389272752,0.277086719,19.65
261.6525654165854,0.27708677374999996,19.66875
261.6311930015961,0.2770868285,19.6875
261.609921207479,0.27708688324999997,19.70625
261.58874956161185,0.27708693799999995,19.725
261.56767759366625,0.27708699275,19.74375
261.54670483547307,0.27708704749999996,19.7625
261.52583082101324,0.27708710225,19.78125
261.505536060805,0.277087157,19.8
261.485818516932,0.27708752512499996,19.81875
261.4661951868486,0.27708789325,19.8375
261.4466656280502,0.277088261375,19.85625
261.42722940006047,0.2770886295,19.875
261.4078860645466,0.277088997625,19.89375
261.3886351851852,0.27708936575,19.9125
261.3694763277758,0.277089733875,19.93125
261.349942858478,0.277090102,19.95
261.3300358749119,0.277090166375,19.96875
261.3102226713215,0.27709023075,19.987499999999997
261.29050280723976,0.27709029512500005,20.006249999999998
261.27087584421844,0.2770903595,20.025
261.25134134594333,0.277090423875,20.04375
261.2318988780996,0.27709048825,20.0625
261.21254800848675,0.277090552625,20.081249999999997
261.19280292000167,0.277090617,20.099999999999998
261.1726647751462,0.27709036512499996,20.11875
261.1526201179184,0.27709011325,20.1375
261.13266850919933,0.277089861375,20.15625
261.1128095120066,0.27708960949999994,20.174999999999997
261.09304269136123,0.277089357625,20.193749999999998
261.07336761427746,0.27708910575,20.2125
261.05378384987733,0.277088853875,20.23125
261.03454613313744,0.277088602,20.25
261.01565320094875,0.27708851637500004,20.26875
260.9968486322555,0.27708843075,20.2875
260.9781320120796,0.277088345125,20.30625
260.95950292734324,0.27708825950000004,20.325
260.9409609668344,0.277088173875,20.34375
260.9225057214208,0.27708808825,20.362499999999997
260.9041367838177,0.277088002625,20.381249999999998
260.8863450829147,0.277087917,20.4
260.86912860502736,0.2770881515,20.41875
260.851994011593,0.27708838599999996,20.4375
260.83494091801566,0.2770886205,20.45625
260.8179689414804,0.277088855,20.475
260.8010777010447,0.2770890895,20.49375
260.78426681750636,0.27708932399999997,20.5125
260.7675359133942,0.27708955849999994,20.53125
260.7504846005743,0.277089793,20.55
260.7331138160914,0.277089766875,20.56875
260.715824505174,0.27708974075,20.5875
260.6986162851556,0.277089714625,20.60625
260.68148877511805,0.2770896885,20.625
260.66444159600593,0.277089662375,20.64375
260.647474370495,0.27708963625,20.6625
260.6305867231071,0.277089610125,20.68125
260.6138085927773,0.277089584,20.7
260.59713950808015,0.277089577625,20.71875
260.580548687253,0.27708957125,20.737499999999997
260.5640357627054,0.277089564875,20.756249999999998
260.5476003685232,0.2770895585,20.775
260.5312421405855,0.27708955212499997,20.79375
260.51496071643203,0.27708954575,20.8125
260.4987557353783,0.277089539375,20.831249999999997
260.4829836840782,0.277089533,20.849999999999998
260.46764303564527,0.277089759125,20.86875
260.45237542474564,0.27708998525,20.8875
260.43718050831086,0.277090211375,20.90625
260.42205794495777,0.27709043749999995,20.924999999999997
260.40700739485754,0.277090663625,20.943749999999998
260.39202851972743,0.27709088975,20.9625
260.37712098294816,0.277091115875,20.98125
260.3621547571509,0.277091342,21.0
260.34712993388496,0.277091483625,21.01875
260.33217629655,0.27709162525000003,21.0375
260.31729351084823,0.27709176687500003,21.05625
260.3024812440021,0.2770919085,21.075
260.28773916472426,0.277092050125,21.09375
260.27306694343025,0.27709219175,21.112499999999997
260.25846425200996,0.277092333375,21.131249999999998
260.243660251788,0.277092475,21.15
260.2286555042983,0.277092440375,21.16875
260.2137210804704,0.27709240575,21.1875
260.1988566500071,0.277092371125,21.20625
260.18406188413786,0.2770923365,21.225
260.16933645571004,0.277092301875,21.24375
260.1546800390584,0.27709226725,21.2625
260.1400923099982,0.277092232625,21.28125
260.12604835649284,0.277092198,21.3
260.112546299365,0.277092473125,21.31875
260.09910885778504,0.27709274825,21.3375
260.08573572826606,0.277093023375,21.35625
260.0724266086969,0.2770932985,21.375
260.05918119845916,0.277093573625,21.39375
260.0459991982972,0.27709384875,21.4125
260.0328803104346,0.277094123875,21.43125
260.0195807775934,0.277094399,21.45
260.00610110255474,0.2770945155,21.46875
259.99268524673823,0.277094632,21.487499999999997
259.9793329103969,0.2770947485,21.506249999999998
259.9660437951423,0.277094865,21.525
259.95281760406107,0.2770949815,21.54375
259.9396540415853,0.277095098,21.5625
259.92655281360913,0.2770952145,21.581249999999997
259.91311188817593,0.277095331,21.599999999999998
259.8993322904512,0.27709518575000003,21.61875
259.8856167800416,0.2770950405,21.6375
259.8719650559164,0.27709489525000003,21.65625
259.858376818532,0.27709474999999995,21.674999999999997
259.8448517697034,0.27709460475000003,21.693749999999998
259.83138961259624,0.2770944595,21.7125
259.8179900518439,0.27709431425000003,21.73125
259.80524734441167,0.277094169,21.75
259.79315924916506,0.277094411125,21.76875
259.7811289845024,0.27709465325000004,21.7875
259.76915627885336,0.277094895375,21.80625
259.75724086187404,0.27709513750000003,21.825
259.7453824644162,0.27709537962499997,21.84375
259.7335808187433,0.27709562175,21.862499999999997
259.7218356583028,0.277095863875,21.881249999999998
259.70962315220976,0.277096106,21.9
259.6969447523067,0.27709600700000003,21.91875
259.68432546912754,0.277095908,21.9375
259.6717650250122,0.27709580899999997,21.95625
259.65926314357966,0.27709571,21.975
259.6468195498206,0.277095611,21.99375
259.6344339699689,0.277095512,22.0125
259.6221061314949,0.277095413,22.03125
259.6099921230284,0.277095314,22.05
259.5980911621827,0.277095316875,22.06875
259.5862461105129,0.27709531975,22.0875
259.5744567054241,0.277095322625,22.10625
259.5627226855058,0.2770953255,22.125
259.55104379064807,0.277095328375,22.14375
259.5394197619142,0.27709533125,22.1625
259.52785034165703,0.277095334125,22.18125
259.5165668393862,0.277095337,22.2
259.50556824083935,0.27709549075,22.21875
259.49462197066975,0.2770956445,22.237499999999997
259.4837277831012,0.27709579825,22.256249999999998
259.4728854334616,0.27709595200000003,22.275
259.4620946783027,0.27709610575,22.29375
259.45135527527026,0.2770962595,22.3125
259.44066698322155,0.27709641325,22.331249999999997
259.4298471103484,0.277096567,22.349999999999998
259.4188960156168,0.277096601875,22.36875
259.40799650812875,0.27709663675,22.3875
259.39714834556406,0.277096671625,22.40625
259.3863512868142,0.27709670649999996,22.424999999999997
259.3756050918541,0.277096741375,22.443749999999998
259.36490952173654,0.27709677625,22.4625
259.3542643387107,0.277096811125,22.48125
259.3433009492736,0.277096846,22.5
259.33202032508757,0.277096640875,22.51875
259.3207917900705,0.27709643575000004,22.5375
259.30961509961816,0.27709623062500005,22.55625
259.29849001022643,0.2770960255,22.575
259.28741627946096,0.277095820375,22.59375
259.2763936661729,0.27709561525000004,22.612499999999997
259.2654219302735,0.277095410125,22.631249999999998
259.2554976984607,0.277095205,22.65
259.2466174659088,0.27709564937500003,22.66875
259.23778087852014,0.27709609375,22.6875
259.2289877313014,0.277096538125,22.70625
259.2202378201974,0.27709698250000003,22.725
259.21153094218516,0.277097426875,22.74375
259.2028668951462,0.27709787124999996,22.7625
259.1942454778626,0.27709831562500004,22.78125
259.18512680898726,0.27709876,22.8
259.17551245790025,0.27709885275,22.81875
259.1659436678299,0.2770989455,22.8375
259.156420224785,0.27709903825,22.85625
259.14694191572966,0.277099131,22.875
259.13750852870254,0.27709922375,22.89375
259.12811985268866,0.2770993165,22.9125
259.1187756777371,0.27709940925,22.93125
259.1091665285681,0.277099502,22.95
259.0992932106296,0.27709939325,22.96875
259.08946579200034,0.2770992845,22.987499999999997
259.07968405709977,0.27709917575000004,23.006249999999998
259.06994779131105,0.277099067,23.025
259.0602567810983,0.27709895825,23.04375
259.0506108138799,0.2770988495,23.0625
259.0410096781462,0.27709874075,23.081249999999997
259.03174036655895,0.277098632,23.099999999999998
259.02280172824675,0.277098710375,23.11875
259.0139054145897,0.27709878875,23.1375
259.0050512267728,0.277098867125,23.15625
258.99623896698716,0.27709894549999997,23.174999999999997
258.9874684383049,0.277099023875,23.193749999999998
258.9787394446736,0.27709910225,23.2125
258.97005179103525,0.277099180625,23.23125
258.96146552491575,0.277099259,23.25
258.95298025563153,0.277099376625,23.26875
258.9445353526176,0.27709949425,23.2875
258.9361306263296,0.277099611875,23.30625
258.92776588806544,0.2770997295,23.325
258.9194409499349,0.277099847125,23.34375
258.91115562507736,0.27709996475,23.362499999999997
258.902909727437,0.277100082375,23.381249999999998
258.8946265226255,0.2771002,23.4
258.8863060772286,0.27710026775,23.41875
258.8780250066506,0.2771003355,23.4375
258.8697831259555,0.27710040325,23.45625
258.86158025105084,0.277100471,23.475
258.85341619878267,0.27710053875,23.49375
258.84529078680856,0.2771006065,23.5125
258.83720383359287,0.27710067425,23.53125
258.8288944309479,0.277100742,23.55
258.8203632535418,0.277100639875,23.56875
258.8118717005258,0.27710053775000004,23.5875
258.8034195857914,0.27710043562500003,23.60625
258.79500672405584,0.2771003335,23.625
258.78663293097895,0.277100231375,23.64375
258.77829802303813,0.27710012925000005,23.6625
258.77000181764566,0.27710002712500004,23.68125
258.7617527663869,0.277099925,23.7
258.7535506599693,0.27709982850000003,23.71875
258.7453866568664,0.27709973200000004,23.737499999999997
258.73726057811444,0.2770996355,23.756249999999998
258.7291722455407,0.277099539,23.775
258.72112148188273,0.2770994425,23.79375
258.7131081106617,0.277099346,23.8125
258.705131956301,0.2770992495,23.831249999999997
258.6976571271057,0.277099153,23.849999999999998
258.6906819274597,0.277099359,23.86875
258.68374038667935,0.277099565,23.8875
258.6768323466505,0.277099771,23.90625
258.6699576500753,0.277099977,23.924999999999997
258.6631161403455,0.277100183,23.943749999999998
258.65630766154,0.277100389,23.9625
258.6495320585429,0.277100595,23.98125
258.6426757921015,0.277100801,24.0
258.63573908012376,0.277100933125,24.01875
258.62883552431043,0.27710106525,24.0375
258.6219649689821,0.277101197375,24.05625
258.61512725914156,0.2771013295,24.075
258.6083222404462,0.277101461625,24.09375
258.6015497594252,0.27710159375,24.112499999999997
258.59480966325515,0.277101725875,24.131249999999998
258.5876895087097,0.277101858,24.15
258.5801904956164,0.27710172149999995,24.16875
258.57272610921575,0.277101585,24.1875
258.5652961868721,0.27710144849999996,24.20625
258.5579005666897,0.277101312,24.225
258.5505390876066,0.27710117549999996,24.24375
258.54321158926825,0.277101039,24.2625
258.53591791202456,0.27710090249999997,24.28125
258.5291858751917,0.277100766,24.3
258.5230135903056,0.2771009735,24.31875
258.51687119970256,0.27710118100000003,24.3375
258.51075856297496,0.2771013885,24.35625
258.50467554032537,0.277101596,24.375
258.4986219926862,0.2771018035,24.39375
258.4925977815944,0.27710201100000004,24.4125
258.48660276931014,0.2771022185,24.43125
258.4801936393646,0.277102426,24.45
258.4733717076108,0.27710234475,24.46875
258.4665814631969,0.2771022635,24.487499999999997
258.45982275729307,0.27710218225000005,24.506249999999998
258.45309544171977,0.277102101,24.525
258.44639936906714,0.27710201975000004,24.54375
258.43973439256814,0.27710193850000003,24.5625
258.4331003662188,0.27710185725,24.581249999999997
258.42682713099134,0.277101776,24.599999999999998
258.4209134606942,0.27710190975,24.61875
258.4150281486282,0.2771020435,24.6375
258.4091710615758,0.27710217725,24.65625
258.40334206701766,0.277102311,24.674999999999997
258.39754103300896,0.27710244475,24.693749999999998
258.3917678281753,0.2771025785,24.7125
258.38602232183246,0.27710271225,24.73125
258.38044290140726,0.277102846,24.75
258.375028983455,0.27710307,24.76875
258.369641469725,0.27710329400000006,24.7875
258.3642802362503,0.27710351800000005,24.80625
258.35894515959757,0.277103742,24.825
258.35363611684,0.27710396600000003,24.84375
258.34835298577383,0.27710419000000003,24.862499999999997
258.3430956446971,0.277104414,24.881249999999998
258.33745858804906,0.277104638,24.9
258.3314430238518,0.277104597875,24.91875
258.32545553881016,0.27710455775,24.9375
258.31949600104156,0.277104517625,24.95625
258.31356427925806,0.2771044775,24.975
258.30766024286214,0.277104437375,24.99375
258.3017837618206,0.27710439725,25.0125
258.29593470666225,0.277104357125,25.03125
258.29003428906265,0.277104317,25.05
258.2840826385775,0.27710422562500003,25.06875
258.2781585437619,0.27710413425,25.0875
258.2722618751917,0.277104042875,25.10625
258.26639250400217,0.2771039515,25.125
258.26055030200706,0.277103860125,25.14375
258.2547351415729,0.27710376875,25.1625
258.2489468957395,0.277103677375,25.18125
258.24346746130243,0.277103586,25.2
258.2382957880997,0.277103678375,25.21875
258.2331488078391,0.27710377075000003,25.237499999999997
258.2280264045422,0.277103863125,25.256249999999998
258.22292846272694,0.2771039555,25.275
258.21785486752657,0.277104047875,25.29375
258.21280550456527,0.27710414024999996,25.3125
258.20778026007713,0.277104232625,25.331249999999997
258.20246073744687,0.277104325,25.349999999999998
258.1968478669824,0.27710420999999996,25.36875
258.1912608580306,0.277104095,25.3875
258.1856995891001,0.27710398,25.40625
258.1801639393436,0.27710386499999995,25.424999999999997
258.17465378843303,0.27710375,25.443749999999998
258.1691690165557,0.277103635,25.4625
258.1637095045356,0.27710352,25.48125
258.15843513873585,0.277103405,25.5
258.1533452766911,0.27710339425,25.51875
258.1482792739249,0.2771033835,25.5375
258.1432370184236,0.2771033727500001,25.55625
258.1382183986505,0.277103362,25.575
258.1332233035199,0.27710335125,25.59375
258.12825162261396,0.2771033405,25.612499999999997
258.12330324596047,0.27710332975,25.631249999999998
258.1182957593225,0.277103319,25.65
258.11322932351885,0.277103254625,25.66875
258.108186403321,0.27710319025,25.6875
258.1031668882803,0.27710312587499997,25.70625
258.098170668443,0.27710306149999997,25.725
258.0931976344441,0.277102997125,25.74375
258.08824767738446,0.27710293275,25.7625
258.083320688827,0.277102868375,25.78125
258.0788075563588,0.277102804,25.8
258.07470689118077,0.27710299437499997,25.81875
258.0706263156477,0.27710318475,25.8375
258.06656573540226,0.277103375125,25.85625
258.06252505648155,0.2771035655,25.875
258.05850418543724,0.277103755875,25.89375
258.05450302921076,0.27710394625,25.9125
258.05052149525386,0.277104136625,25.93125
258.0461120913213,0.277104327,25.95
258.0412761918673,0.277104225875,25.96875
258.0364625651198,0.27710412475,25.987499999999997
258.03167110646854,0.277104023625,26.006249999999998
258.02690171174515,0.2771039225,26.025
258.02215427734376,0.277103821375,26.04375
258.0174287000961,0.27710372025,26.0625
258.01272487739203,0.277103619125,26.081249999999997
258.0082201706386,0.277103518,26.099999999999998
258.00391389649104,0.27710353249999997,26.11875
257.9996279113041,0.27710354699999995,26.1375
257.99536211976,0.2771035615,26.15625
257.99111642706134,0.27710357599999996,26.174999999999997
257.986890738808,0.2771035905,26.193749999999998
257.98268496099365,0.277103605,26.2125
257.9784990001272,0.2771036195,26.23125
257.974474733999,0.277103634,26.25
257.9706116046909,0.277103741,26.26875
257.9667670860138,0.277103848,26.2875
257.9629410906058,0.277103955,26.30625
257.95913353146676,0.277104062,26.325
257.95534432193153,0.277104169,26.34375
257.9515733758884,0.277104276,26.362499999999997
257.94782060755756,0.27710438299999995,26.381249999999998
257.94400669642056,0.27710449,26.4
257.9401318172017,0.27710454537499996,26.41875
257.93627537887204,0.27710460075,26.4375
257.9324372948177,0.277104656125,26.45625
257.9286174788078,0.2771047115,26.475
257.92481584508937,0.277104766875,26.49375
257.92103230826405,0.27710482225,26.5125
257.9172667832848,0.277104877625,26.53125
257.9135164996424,0.277104933,26.55
257.9097813819141,0.277104986625,26.56875
257.9060640410397,0.27710504025,26.5875
257.9023643935245,0.27710509387500004,26.60625
257.89868235621736,0.27710514750000004,26.625
257.89501784643056,0.27710520112500003,26.64375
257.8913707818164,0.27710525475000003,26.6625
257.88774108048653,0.277105308375,26.68125
257.8841271260692,0.277105362,26.7
257.88052884235174,0.27710541462500005,26.71875
257.87694768844636,0.27710546725,26.737499999999997
257.8733835838977,0.277105519875,26.756249999999998
257.86983644857946,0.2771055725,26.775
257.8663062028142,0.27710562512500003,26.79375
257.86279276725065,0.27710567775,26.8125
257.859296062983,0.277105730375,26.831249999999997
257.8559593252622,0.277105783,26.849999999999998
257.85278200614465,0.277105929,26.86875
257.84962024649934,0.27710607499999995,26.8875
257.8464739732215,0.277106221,26.90625
257.8433431136235,0.27710636699999996,26.924999999999997
257.84022759530984,0.277106513,26.943749999999998
257.83712734617706,0.277106659,26.9625
257.8340422945326,0.277106805,26.98125
257.8309038776458,0.277106951,27.0
257.8277122489382,0.277107052375,27.01875
257.8245360524361,0.27710715375,27.0375
257.8213752157062,0.277107255125,27.05625
257.8182296666064,0.27710735649999996,27.075
257.81509933326043,0.277107457875,27.09375
257.81198414427575,0.27710755924999997,27.112499999999997
257.80888402852224,0.277107660625,27.131249999999998
257.8055435594469,0.277107762,27.15
257.80196350348365,0.277107697,27.16875
257.7983999791498,0.277107632,27.1875
257.7948529087998,0.27710756699999994,27.20625
257.7913222151277,0.277107502,27.225
257.7878078212639,0.27710743699999996,27.24375
257.7843096506514,0.27710737199999996,27.2625
257.7808276270439,0.27710730699999997,27.28125
257.77766978977786,0.277107242,27.3
257.7748350535651,0.27710737775,27.31875
257.77201422313556,0.27710751349999996,27.3375
257.769207233177,0.27710764925000003,27.35625
257.766414018634,0.277107785,27.375
257.7636345148305,0.27710792075,27.39375
257.7608686573453,0.27710805650000003,27.4125
257.7581163821328,0.27710819225,27.43125
257.7549238941832,0.277108328,27.45
257.7512926169349,0.277108168125,27.46875
257.747677698504,0.27710800825000004,27.487499999999997
257.7440790620561,0.277107848375,27.506249999999998
257.740496631069,0.2771076885,27.525
257.73693032945306,0.277107528625,27.54375
257.7333800814271,0.27710736874999997,27.5625
257.7298458116392,0.277107208875,27.581249999999997
257.726760648039,0.277107049,27.599999999999998
257.724123096155,0.27710717137499996,27.61875
257.72149846561064,0.27710729375,27.6375
257.71888669569256,0.277107416125,27.65625
257.716287726045,0.2771075385,27.674999999999997
257.7137014965481,0.277107660875,27.693749999999998
257.71112794731465,0.27710778324999996,27.7125
257.7085670188123,0.277107905625,27.73125
257.7060723704698,0.277108028,27.75
257.70364376723745,0.277108185375,27.76875
257.7012272564379,0.27710834275,27.7875
257.698822781324,0.277108500125,27.80625
257.69643028536626,0.2771086575,27.825
257.69404971222787,0.277108814875,27.84375
257.6916810059827,0.27710897225,27.862499999999997
257.6893241108939,0.277109129625,27.881249999999998
257.6866626066277,0.277109287,27.9
257.6836974748116,0.27710923825,27.91875
257.6807460572481,0.27710918949999996,27.9375
257.6778082895245,0.27710914075,27.95625
257.6748841075047,0.277109092,27.975
257.6719734474283,0.27710904325,27.99375
257.66907624578533,0.27710899450000004,28.0125
257.6661924393151,0.27710894575,28.03125
257.6633428770525,0.277108897,28.05
257.66052742781955,0.277108861875,28.06875
257.6577250492022,0.27710882675000004,28.0875
257.65493567981065,0.277108791625,28.10625
257.6521592584939,0.2771087565,28.125
257.6493957244617,0.277108721375,28.14375
257.6466450171606,0.27710868624999996,28.1625
257.64390707639444,0.277108651125,28.18125
257.6407749229999,0.277108616,28.2
257.63724983081306,0.27710831575,28.21875
257.633739987034,0.27710801549999997,28.237499999999997
257.6302453200441,0.27710771525,28.256249999999998
257.6267657585114,0.277107415,28.275
257.62330123151304,0.27710711475,28.29375
257.6198516684104,0.2771068145,28.3125
257.61641699896904,0.27710651425,28.331249999999997
257.6138205842651,0.277106214,28.349999999999998
257.6120596560089,0.27710645025,28.36875
257.6103080279575,0.27710668650000003,28.3875
257.6085656564053,0.27710692275000004,28.40625
257.60683249792504,0.277107159,28.424999999999997
257.6051085092449,0.27710739525,28.443749999999998
257.60339364724695,0.2771076315,28.4625
257.6016878690893,0.27710786775,28.48125
257.5997647461297,0.277108104,28.5
257.59762497783464,0.27710819275000004,28.51875
257.5954956463372,0.2771082815,28.5375
257.5933767026667,0.27710837025,28.55625
257.5912680980335,0.27710845900000003,28.575
257.58916978380364,0.27710854775,28.59375
257.5870817117184,0.27710863649999995,28.612499999999997
257.5850038336722,0.27710872524999997,28.631249999999998
257.58271489577794,0.277108814,28.65
257.58021557536006,0.27710875862499995,28.66875
257.5777277524963,0.27710870325,28.6875
257.575251373185,0.277108647875,28.70625
257.572786383653,0.2771085925,28.725
257.57033273045374,0.277108537125,28.74375
257.56789036034235,0.27710848175,28.7625
257.5654592202758,0.277108426375,28.78125
257.56304213532053,0.277108371,28.8
257.5606390435231,0.27710831750000003,28.81875
257.55824700550625,0.277108264,28.8375
257.5558659693525,0.2771082105,28.85625
257.55349588333934,0.277108157,28.875
257.5511366960603,0.27710810350000004,28.89375
257.54878835630166,0.27710805000000005,28.9125
257.5464508131633,0.27710799650000006,28.93125
257.54411768480225,0.277107943,28.95
257.54178894142296,0.27710788537500003,28.96875
257.5394708846486,0.27710782775000004,28.987499999999997
257.5371634642867,0.27710777012500004,29.006249999999998
257.534866630331,0.2771077125,29.025
257.5325803330835,0.277107654875,29.04375
257.5303045230308,0.27710759725,29.0625
257.5280391509655,0.277107539625,29.081249999999997
257.5258501651295,0.277107482,29.099999999999998
257.5237373003881,0.277107467375,29.11875
257.52163429565576,0.27710745275,29.1375
257.5195411045978,0.277107438125,29.15625
257.5174576811695,0.27710742349999995,29.174999999999997
257.5153839794944,0.27710740887499996,29.193749999999998
257.51331995386266,0.27710739424999997,29.2125
257.51126555885196,0.277107379625,29.23125
257.5092172958833,0.277107365,29.25
257.50717513125363,0.277107348125,29.26875
257.5051424847392,0.27710733125000003,29.2875
257.50311931168363,0.277107314375,29.30625
257.50110556759216,0.27710729749999996,29.325
257.4991012081055,0.277107280625,29.34375
257.49710618921887,0.27710726375,29.362499999999997
257.49512046706127,0.277107246875,29.381249999999998
257.49312960897976,0.27710723,29.4
257.4911336186955,0.27710720375,29.41875
257.48914688882735,0.27710717749999997,29.4375
257.4871693758808,0.27710715124999996,29.45625
257.48520103654096,0.277107125,29.475
257.4832418277703,0.27710709875,29.49375
257.48129170668375,0.2771070725,29.5125
257.47935063054973,0.27710704625,29.53125
257.47749299568886,0.27710702,29.55
257.475718515837,0.27710704225,29.56875
257.4739524673681,0.2771070645,29.5875
257.472194810682,0.27710708675,29.60625
257.4704455063148,0.277107109,29.625
257.468704515062,0.27710713124999997,29.64375
257.46697179785394,0.2771071535,29.6625
257.4652473158774,0.27710717575,29.68125
257.463772380927,0.277107198,29.7
257.4625461634585,0.27710737750000003,29.71875
257.46132648749534,0.277107557,29.737499999999997
257.4601133223136,0.27710773650000003,29.756249999999998
257.45890663728454,0.277107916,29.775
257.45770640199646,0.27710809550000004,29.79375
257.45651258613157,0.277108275,29.8125
257.45532515958786,0.2771084545,29.831249999999997
257.45387895216913,0.277108634,29.849999999999998
257.4521748028978,0.27710864075,29.86875
257.450478687115,0.2771086475,29.8875
257.4487905670643,0.27710865425000003,29.90625
257.44711040524,0.277108661,29.924999999999997
257.44543816426415,0.27710866775,29.943749999999998
257.443773806885,0.2771086745,29.9625
257.44211729609924,0.27710868125,29.98125
257.44032815900584,0.277108688,30.0
257.43840681917277,0.27710860325,30.01875
257.43649413420076,0.2771085185,30.0375
257.43459006348826,0.27710843375000005,30.05625
257.43269456657526,0.27710834900000003,30.075
257.43080760311955,0.27710826425,30.09375
257.4289291331142,0.2771081795,30.112499999999997
257.4270591166668,0.27710809475000003,30.131249999999998
257.4254221733284,0.27710801,30.15
257.424017527333,0.277108071625,30.16875
257.4226197472295,0.27710813325,30.1875
257.42122880077045,0.277108194875,30.20625
257.4198446558348,0.27710825650000004,30.225
257.4184672805259,0.27710831812500003,30.24375
257.4170966430479,0.27710837975,30.2625
257.4157327117059,0.277108441375,30.28125
257.4145966609856,0.277108503,30.3
257.41368773455855,0.27710870875,30.31875
257.4127839737626,0.2771089145,30.3375
257.41188535433565,0.27710912025,30.35625
257.4109918520812,0.277109326,30.375
257.410103442989,0.27710953174999997,30.39375
257.409220103113,0.2771097375,30.4125
257.4083418086927,0.27710994325,30.43125
257.4068864554761,0.277110149,30.45
257.4048559274467,0.2771099755,30.46875
257.4028341804397,0.277109802,30.487499999999997
257.4008211732121,0.2771096285,30.506249999999998
257.39881686466634,0.27710945499999995,30.525
257.3968212139707,0.27710928149999997,30.54375
257.3948341804362,0.277109108,30.5625
257.3928557236384,0.2771089345,30.581249999999997
257.39128926914975,0.277108761,30.599999999999998
257.39013345455555,0.277108850375,30.61875
257.38898345805757,0.27710893975,30.6375
257.38783925230473,0.277109029125,30.65625
257.3867008101478,0.2771091185,30.674999999999997
257.3855681045162,0.27710920787500004,30.693749999999998
257.384441108418,0.27710929725,30.7125
257.38331979506063,0.277109386625,30.73125
257.38234956196595,0.277109476,30.75
257.3815299059722,0.27710966012500005,30.76875
257.38071490204356,0.27710984425000007,30.7875
257.3799045283795,0.277110028375,30.80625
257.37909876323255,0.2771102125,30.825
257.378297584884,0.27711039662500003,30.84375
257.37750097186375,0.27711058075,30.862499999999997
257.3767089027291,0.277110764875,30.881249999999998
257.37557256820315,0.277110949,30.9
257.3740930901455,0.277110905875,30.91875
257.37262037300883,0.27711086274999996,30.9375
257.3711543850384,0.277110819625,30.95625
257.36969509460397,0.2771107765,30.975
257.3682424702974,0.277110733375,30.99375
257.36679648080906,0.27711069024999996,31.0125
257.36535709492784,0.277110647125,31.03125
257.36392197943167,0.277110604,31.05
257.3624911109709,0.27711055937499995,31.06875
257.3610667686091,0.27711051475,31.0875
257.3596489216942,0.277110470125,31.10625
257.35823753966963,0.2771104255,31.125
257.3568325921953,0.277110380875,31.14375
257.355434049025,0.27711033625,31.1625
257.3540418801275,0.27711029162499995,31.18125
257.3527508307105,0.277110247,31.2
257.3515605602978,0.27711026412499995,31.21875
257.350375955012,0.27711028125,31.237499999999997
257.34919698824507,0.277110298375,31.256249999999998
257.3480236334653,0.2771103155,31.275
257.34685586433847,0.277110332625,31.29375
257.34569365460544,0.27711034975,31.3125
257.34453697820356,0.27711036687499996,31.331249999999997
257.3435103214312,0.277110384,31.349999999999998
257.34261325031065,0.27711048225,31.36875
257.3417208206881,0.2771105805,31.3875
257.34083301073883,0.27711067875,31.40625
257.33994979881413,0.277110777,31.424999999999997
257.3390711633178,0.27711087525,31.443749999999998
257.3381970827065,0.2771109735,31.4625
257.337327535611,0.27711107175000005,31.48125
257.336222876937,0.27711117,31.5
257.3348838708069,0.277111112125,31.51875
257.3335509015299,0.27711105425000004,31.5375
257.3322239408011,0.27711099637500003,31.55625
257.3309029603993,0.2771109385,31.575
257.32958793216295,0.277110880625,31.59375
257.3282788282091,0.27711082275,31.612499999999997
257.32697562071206,0.277110764875,31.631249999999998
257.3252552471158,0.277110707,31.65
257.3231190662853,0.2771103735,31.66875
257.3209914654919,0.27711004,31.6875
257.3188724044364,0.2771097065,31.70625
257.3167618429848,0.277109373,31.725
257.31465974126513,0.2771090395,31.74375
257.31256605954326,0.277108706,31.7625
257.3104807582235,0.2771083725,31.78125
257.30924276905176,0.277108039,31.8
257.30884930328125,0.277108252125,31.81875
257.3084586142541,0.27710846525,31.8375
257.30807068892864,0.277108678375,31.85625
257.30768551427553,0.27710889149999995,31.875
257.3073030773998,0.277109104625,31.89375
257.306923365418,0.27710931775000003,31.9125
257.30654636558063,0.277109530875,31.93125
257.30607556333024,0.277109744,31.95
257.30551126220337,0.27710989425,31.96875
257.3049502662028,0.2771100445,31.9875
257.30439255978064,0.27711019475,32.00625
257.3038381275594,0.277110345,32.025
257.30328695408775,0.27711049525,32.04375
257.3027390240843,0.27711064550000003,32.0625
257.30219432231485,0.27711079575,32.081250000000004
257.30108801974103,0.277110946,32.1
257.2994219524726,0.27711072825000005,32.11875
257.2977627615311,0.2771105105,32.1375
257.2961104146195,0.27711029275000004,32.15625
257.29446487973854,0.277110075,32.175
257.2928261247479,0.27710985725,32.19375
257.2911941178519,0.2771096395,32.2125
257.28956882735605,0.27710942175000003,32.23125
257.2884922050432,0.277109204,32.25
257.287962443429,0.27710933937500004,32.26875
257.28743575984976,0.27710947475000003,32.2875
257.2869121398969,0.277109610125,32.30625
257.2863915691814,0.2771097455,32.325
257.28587403333233,0.277109880875,32.34375
257.2853595182421,0.27711001625,32.3625
257.2848480095766,0.277110151625,32.38125
257.28445613959764,0.277110287,32.4
257.2841835119677,0.277110498375,32.41875
257.28391308582815,0.27711070975,32.4375
257.28364485098484,0.277110921125,32.45625
257.2833787970486,0.27711113249999997,32.475
257.2831149136788,0.27711134387499997,32.493750000000006
257.28285319077787,0.27711155525,32.5125
257.2825936182954,0.277111766625,32.53125
257.28217215207894,0.277111978,32.550000000000004
257.28158931971035,0.27711208249999997,32.56875
257.28100968015224,0.277112187,32.587500000000006
257.2804332183599,0.2771122915,32.60625
257.279859919554,0.277112396,32.625
257.2792897687327,0.27711250049999997,32.643750000000004
257.2787227511592,0.27711260499999996,32.6625
257.2781588521169,0.2771127095,32.681250000000006
257.2771658131759,0.277112814,32.7
257.27574503648935,0.277112636875,32.71875
257.27433016106653,0.27711245975,32.737500000000004
257.27292115923905,0.277112282625,32.75625
257.2715180034196,0.2771121055,32.775000000000006
257.27012066610166,0.277111928375,32.79375
257.2687291201031,0.27711175125,32.8125
257.2673433380772,0.277111574125,32.831250000000004
257.26641836713577,0.277111397,32.85
257.26595268907283,0.277111516375,32.86875
257.2654897183369,0.27711163575000003,32.8875
257.2650294422116,0.27711175512499997,32.90625
257.26457184818736,0.27711187449999997,32.925
257.2641169235209,0.27711199387499996,32.94375
257.2636646557233,0.27711211325,32.9625
257.26321503231543,0.277112232625,32.98125
257.2628693389605,0.277112352,33.0
257.2626272314605,0.27711253737499997,33.01875
257.2623870688586,0.27711272275,33.0375
257.2621488419224,0.277112908125,33.056250000000006
257.26191254165724,0.2771130935,33.075
257.26167815911157,0.277113278875,33.09375
257.2614456851814,0.27711346425,33.112500000000004
257.26121511080447,0.27711364962499996,33.13125000000001
257.2604108695875,0.277113835,33.150000000000006
257.25903483901254,0.277113645375,33.16875
257.25766444506894,0.27711345575,33.18750000000001
257.256299661331,0.277113266125,33.206250000000004
257.25494046144877,0.2771130765,33.22500000000001
257.253586819147,0.277112886875,33.243750000000006
257.2522387084687,0.27711269725,33.2625
257.25089610328746,0.277112507625,33.28125000000001
257.2499731873412,0.277112318,33.300000000000004
257.2494685775573,0.27711239825,33.31875
257.2489666874701,0.27711247850000004,33.337500000000006
257.2484675043053,0.27711255875,33.35625
257.2479710154952,0.27711263900000005,33.375
257.2474772082389,0.27711271925000003,33.393750000000004
257.2469860699902,0.2771127995,33.4125
257.2464975882136,0.27711287975000004,33.431250000000006
257.2461030721839,0.27711296,33.45
257.2458022103416,0.27711309975000004,33.46875
257.2455033704981,0.2771132395,33.487500000000004
257.2452065432048,0.27711337925,33.50625
257.2449117190091,0.27711351900000003,33.525000000000006
257.24461888845406,0.27711365875,33.54375
257.244328042322,0.27711379849999995,33.5625
257.24403917114677,0.27711393824999997,33.581250000000004
257.24341441335923,0.277114078,33.6
257.24245486711044,0.277113997625,33.61875
257.2414994773948,0.27711391725,33.6375
257.24054822468975,0.277113836875,33.65625
257.23960108971033,0.27711375650000003,33.675
257.23865805297044,0.27711367612500004,33.69375
257.2377190952703,0.27711359575,33.7125
257.2367841974513,0.277113515375,33.73125
257.236091045672,0.277113435,33.75
257.2356388420722,0.2771135095,33.76875
257.2351890870201,0.277113584,33.7875
257.234741768918,0.27711365849999997,33.806250000000006
257.23429687641703,0.277113733,33.825
257.23385439822215,0.27711380750000003,33.84375
257.23341432289635,0.277113882,33.862500000000004
257.2329766390568,0.2771139565,33.88125000000001
257.2326328492212,0.277114031,33.900000000000006
257.2323826423913,0.277114165125,33.91875
257.23213419513195,0.27711429925000003,33.93750000000001
257.2318874992273,0.277114433375,33.956250000000004
257.23164254645184,0.27711456749999996,33.97500000000001
257.2313993285695,0.277114701625,33.993750000000006
257.2311578375779,0.27711483575,34.0125
257.2309180652202,0.277114969875,34.03125000000001
257.23047855827525,0.277115104,34.050000000000004
257.2298399690475,0.277115106875,34.06875
257.2292043916349,0.27711510975000003,34.087500000000006
257.2285718118914,0.277115112625,34.10625
257.2279422158836,0.2771151155,34.125
257.22731558945173,0.277115118375,34.143750000000004
257.2266919186966,0.27711512125000004,34.1625
257.2260711897358,0.27711512412500006,34.181250000000006
257.22522968866195,0.277115127,34.2
257.2241681349976,0.277114984125,34.21875
257.2231109446356,0.27711484125,34.237500000000004
257.22205809713057,0.277114698375,34.25625
257.22100957208517,0.27711455549999997,34.275000000000006
257.21996534914877,0.277114412625,34.29375
257.21892540826116,0.27711426975,34.3125
257.21788972916477,0.277114126875,34.331250000000004
257.217120170536,0.277113984,34.35
257.2166158543477,0.27711401175,34.36875
257.2161140277103,0.2771140395,34.3875
257.2156146789311,0.27711406725,34.40625
257.2151177965179,0.27711409499999995,34.425
257.21462336874106,0.27711412274999997,34.44375
257.21413138411975,0.2771141505,34.4625
257.2136418311792,0.27711417825,34.48125
257.21316294810765,0.277114206,34.5
257.21269469664776,0.27711423912499994,34.51875
257.2122287888199,0.27711427224999996,34.5375
257.21176521351885,0.277114305375,34.556250000000006
257.2113039598862,0.2771143385,34.575
257.2108450171149,0.27711437162499997,34.59375
257.2103883742544,0.27711440475,34.612500000000004
257.2099340204048,0.27711443787499995,34.63125000000001
257.2093771934347,0.277114471,34.650000000000006
257.20871822604073,0.27711443587499995,34.66875
257.2080622005915,0.27711440075,34.68750000000001
257.2074091033171,0.277114365625,34.706250000000004
257.206758920465,0.2771143305,34.72500000000001
257.20611163829756,0.277114295375,34.743750000000006
257.20546724333724,0.27711426024999997,34.7625
257.2048257218774,0.277114225125,34.78125000000001
257.20402072428396,0.27711419,34.800000000000004
257.2030527824008,0.2771140465,34.81875
257.2020887614192,0.277113903,34.837500000000006
257.20112864292315,0.2771137595,34.85625
257.2001724087293,0.27711361599999995,34.875
257.19922004044827,0.27711347249999996,34.893750000000004
257.19827151997094,0.27711332899999996,34.9125
257.19732682922495,0.27711318549999997,34.931250000000006
257.1968039968213,0.277113042,34.95
257.1967016349462,0.277113170875,34.96875
257.1966003153645,0.27711329975,34.987500000000004
257.19650003322937,0.277113428625,35.00625
257.19640078366797,0.2771135575,35.025000000000006
257.19630256178203,0.277113686375,35.04375
257.1962053628905,0.27711381525,35.0625
257.1961091820431,0.277113944125,35.081250000000004
257.19624366192744,0.277114073,35.1
257.19660804531117,0.2771143515,35.11875
257.19697193075604,0.27711463000000003,35.1375
257.19733532060064,0.27711490850000003,35.15625
257.1976982173186,0.27711518700000004,35.175
257.1980606230803,0.2771154655,35.19375
257.1984225402405,0.277115744,35.2125
257.1987839710934,0.2771160225,35.23125
257.1987011629897,0.277116301,35.25
257.1981755726587,0.277116290375,35.26875
257.1976524046311,0.27711627975,35.2875
257.19713164743234,0.277116269125,35.306250000000006
257.1966132898362,0.2771162585,35.325
257.1960973206694,0.277116247875,35.34375
257.19558372861735,0.27711623725,35.362500000000004
257.1950725024175,0.277116226625,35.38125000000001
257.1945079938231,0.277116216,35.400000000000006
257.19389037421047,0.27711616912500003,35.41875
257.19327545113947,0.27711612225000004,35.43750000000001
257.19266321199296,0.27711607537500005,35.456250000000004
257.19205364416547,0.2771160285,35.47500000000001
257.1914467350614,0.277115981625,35.493750000000006
257.19084247233934,0.27711593474999996,35.5125
257.1902408434239,0.27711588787499997,35.53125000000001
257.18983522328745,0.277115841,35.550000000000004
257.18962496597845,0.27711592012499997,35.56875
257.1894160409446,0.27711599925,35.587500000000006
257.1892084419279,0.27711607837499996,35.60625
257.1890021628468,0.27711615749999996,35.625
257.18879719735565,0.27711623662499996,35.643750000000004
257.18859353933357,0.27711631575,35.6625
257.1883911826393,0.277116394875,35.681250000000006
257.18799174560354,0.277116474,35.7
257.18739587242175,0.277116423875,35.71875
257.1868025794806,0.27711637375000003,35.737500000000004
257.18621185470977,0.27711632362500005,35.75625
257.1856236860471,0.2771162735,35.775000000000006
257.1850380614382,0.277116223375,35.79375
257.18445496908015,0.27711617325000004,35.8125
257.1838743969337,0.277116123125,35.831250000000004
257.1830492271121,0.277116073,35.85
257.18198025781635,0.27711586187500004,35.86875
257.1809153892565,0.27711565075,35.8875
257.1798546021717,0.277115439625,35.90625
257.17879787753805,0.27711522850000003,35.925
257.17774519612914,0.277115017375,35.94375
257.1766965390037,0.27711480624999996,35.9625
257.17565188725973,0.27711459512500003,35.98125
257.17517411733843,0.277114384,36.0
257.1752613658947,0.277114539625,36.01875
257.1753488827899,0.27711469525,36.0375
257.17543666666614,0.277114850875,36.056250000000006
257.17552471636645,0.2771150065,36.075
257.17561303073984,0.277115162125,36.09375
257.1757016084462,0.27711531775,36.112500000000004
257.17579044815113,0.277115473375,36.13125000000001
257.17583695746106,0.277115629,36.150000000000006
257.175841274832,0.277115756875,36.16875
257.175846129086,0.27711588475000004,36.18750000000001
257.17585151775,0.27711601262499996,36.206250000000004
257.1758574383143,0.2771161405,36.22500000000001
257.1758638882318,0.27711626837500003,36.243750000000006
257.175870865162,0.27711639625,36.2625
257.1758783664839,0.27711652412500004,36.28125000000001
257.1754833075839,0.277116652,36.300000000000004
257.17468700717086,0.27711651725,36.31875
257.1738938596184,0.27711638250000004,36.337500000000006
257.17310385011837,0.27711624775,36.35625
257.1723169640776,0.277116113,36.375
257.1715331866801,0.27711597825,36.393750000000004
257.17075250337376,0.27711584349999996,36.4125
257.1699748996262,0.27711570874999997,36.431250000000006
257.1696126519962,0.277115574,36.45
257.1696643950393,0.27711570787499995,36.46875
257.1697164783609,0.27711584175000004,36.487500000000004
257.16976890041076,0.277115975625,36.50625
257.1698216595984,0.2771161095,36.525000000000006
257.1698747542916,0.277116243375,36.54375
257.1699281830602,0.27711637725,36.5625
257.16998194418994,0.27711651112499996,36.581250000000004
257.16998155000243,0.277116645,36.6
257.16992717765686,0.277116743375,36.61875
257.1698734893043,0.27711684175,36.6375
257.169820481732,0.277116940125,36.65625
257.1697681518884,0.2771170385,36.675
257.1697164964447,0.277117136875,36.69375
257.169665512282,0.27711723525,36.7125
257.1696151962472,0.277117333625,36.73125
257.16942414984385,0.277117432,36.75
257.16909283348787,0.27711743824999996,36.76875
257.16876310049815,0.2771174445,36.7875
257.1684349433405,0.27711745075,36.806250000000006
257.1681083547105,0.277117457,36.825
257.1677833273386,0.27711746325000003,36.84375
257.16745985379475,0.27711746950000005,36.862500000000004
257.1671379266835,0.27711747575,36.88125000000001
257.1668031498993,0.277117482,36.900000000000006
257.16645556346657,0.27711747887500005,36.91875
257.1661095959178,0.27711747575,36.93750000000001
257.1657652396982,0.277117472625,36.956250000000004
257.1654224872391,0.27711746950000005,36.97500000000001
257.1650813309594,0.277117466375,36.993750000000006
257.16474176350846,0.27711746325,37.0125
257.16440377727764,0.27711746012500005,37.03125000000001
257.16378265569614,0.277117457,37.050000000000004
257.1628793245908,0.277117268375,37.06875
257.1619794142918,0.27711707975000005,37.087500000000006
257.1610829087321,0.27711689112500004,37.10625
257.1601897920661,0.2771167025,37.125
257.15930004823133,0.277116513875,37.143750000000004
257.15841366143445,0.27711632525,37.1625
257.1575306159084,0.277116136625,37.181250000000006
257.1570405483848,0.277115948,37.2
257.156942166389,0.27711601325,37.21875
257.15684453075085,0.27711607850000003,37.237500000000004
257.15674763801326,0.27711614375000004,37.25625
257.1566514846869,0.277116209,37.275000000000006
257.15655606725045,0.27711627425,37.29375
257.1564613823932,0.27711633950000003,37.3125
257.15636742652896,0.27711640475,37.331250000000004
257.15660590924546,0.27711647,37.35
257.15717574016344,0.277116751375,37.36875
257.1577441207209,0.27711703275,37.3875
257.15831105773015,0.277117314125,37.40625
257.15887655811673,0.27711759550000004,37.425
257.1594406284825,0.277117876875,37.44375
257.1600032755928,0.27711815824999997,37.4625
257.16056450613235,0.27711843962500005,37.48125
257.16059059298675,0.277118721,37.5
257.1600832921212,0.277118654625,37.51875
257.15957808472837,0.27711858825,37.5375
257.1590749608786,0.27711852187499997,37.556250000000006
257.1585739108826,0.2771184555,37.575
257.1580749250973,0.277118389125,37.59375
257.15757799373057,0.27711832275000003,37.612500000000004
257.1570831070355,0.277118256375,37.63125000000001
257.1566468520002,0.27711819,37.650000000000006
257.1562690336806,0.2771181605,37.66875
257.15589286131075,0.277118131,37.68750000000001
257.15551832720826,0.2771181015,37.706250000000004
257.1551454236787,0.277118072,37.72500000000001
257.1547741430146,0.2771180425,37.743750000000006
257.1544044777398,0.277118013,37.7625
257.15403642012154,0.2771179835,37.78125000000001
257.1536619048024,0.277117954,37.800000000000004
257.15328095082083,0.27711791925,37.81875
257.15290163464,0.2771178845,37.837500000000006
257.1525239485671,0.27711784975,37.85625
257.1521478850918,0.277117815,37.875
257.1517734364475,0.27711778025,37.893750000000004
257.1514005950981,0.2771177455,37.9125
257.1510293534941,0.27711771075,37.931250000000006
257.1510109860428,0.277117676,37.95
257.1513443341617,0.277117870125,37.96875
257.1516769624482,0.27711806425,37.987500000000004
257.15200887433207,0.27711825837500004,38.00625
257.15234007317787,0.2771184525,38.025000000000006
257.15267056228595,0.277118646625,38.04375
257.153000345136,0.27711884075000004,38.0625
257.15332942489914,0.277119034875,38.081250000000004
257.1532307411615,0.277119229,38.1
257.1527056969647,0.277119144875,38.11875
257.1521827521844,0.27711906075000003,38.1375
257.1516618969598,0.277118976625,38.15625
257.1511431216226,0.2771188925,38.175
257.15062641625826,0.277118808375,38.19375
257.15011177119294,0.27711872425,38.2125
257.14959917675003,0.277118640125,38.23125
257.1493744835084,0.277118556,38.25
257.14943674518287,0.27711865812500003,38.26875
257.1494991594312,0.27711876025000004,38.2875
257.14956172543907,0.277118862375,38.306250000000006
257.14962444259106,0.2771189645,38.325
257.14968731027426,0.27711906662499997,38.34375
257.14975032768524,0.27711916875,38.362500000000004
257.14981349402296,0.277119270875,38.38125000000001
257.1494562679546,0.277119373,38.400000000000006
257.1486800271122,0.277119201125,38.41875
257.14790668314396,0.27711902925000004,38.43750000000001
257.1471362224923,0.27711885737499997,38.456250000000004
257.1463686316149,0.27711868549999996,38.47500000000001
257.1456038969844,0.27711851362499995,38.493750000000006
257.1448420053311,0.27711834175,38.5125
257.1440829431565,0.277118169875,38.53125000000001
257.1435120267081,0.277117998,38.550000000000004
257.14312863552743,0.277117946875,38.56875
257.14274682224084,0.27711789575,38.587500000000006
257.14236657943746,0.277117844625,38.60625
257.1419878998869,0.2771177935,38.625
257.1416107761012,0.277117742375,38.643750000000004
257.14123520082154,0.27711769124999996,38.6625
257.14086116677515,0.277117640125,38.681250000000006
257.14074363867684,0.277117589,38.7
257.140881773853,0.277117704,38.71875
257.14101976129234,0.277117819,38.737500000000004
257.14115760173775,0.277117934,38.75625
257.1412952958794,0.27711804900000003,38.775000000000006
257.1414328443554,0.277118164,38.79375
257.14157024799636,0.27711827899999997,38.8125
257.14170750733666,0.27711839400000005,38.831250000000004
257.1416911410353,0.277118509,38.85
257.14152165291716,0.27711852400000003,38.86875
257.1413530261667,0.27711853900000005,38.8875
257.14118525673814,0.277118554,38.90625
257.14101834075086,0.277118569,38.925
257.1408522740506,0.277118584,38.94375
257.14068705269693,0.277118599,38.9625
257.1405226727194,0.27711861400000004,38.98125
257.1402716453669,0.277118629,39.0
257.13993425356495,0.27711858699999997,39.01875
257.1395982634173,0.277118545,39.0375
257.13926366824336,0.277118503,39.056250000000006
257.1389304615879,0.27711846100000004,39.075
257.13859863702686,0.277118419,39.09375
257.1382681879718,0.277118377,39.112500000000004
257.1379391078649,0.277118335,39.13125000000001
257.13828344976105,0.277118293,39.150000000000006
257.139299004829,0.277118688875,39.16875
257.14031151498097,0.27711908475,39.18750000000001
257.1413209945667,0.277119480625,39.206250000000004
257.14232745782044,0.27711987650000003,39.22500000000001
257.14333091886033,0.277120272375,39.243750000000006
257.14433139193346,0.27712066825,39.2625
257.145328890928,0.277121064125,39.28125000000001
257.1457127632318,0.27712146,39.300000000000004
257.14548502422133,0.277121458,39.31875
257.14525834609566,0.277121456,39.337500000000006
257.1450327238719,0.277121454,39.35625
257.1448081527365,0.277121452,39.375
257.1445846276069,0.27712145,39.393750000000004
257.14436214361893,0.277121448,39.4125
257.14414069588236,0.277121446,39.431250000000006
257.1439227735643,0.277121444,39.45
257.14370836379277,0.277121443625,39.46875
257.1434949593819,0.27712144325,39.487500000000004
257.14328255565835,0.277121442875,39.50625
257.1430711479219,0.27712144250000004,39.525000000000006
257.1428607314458,0.277121442125,39.54375
257.14265130172055,0.27712144175,39.5625
257.1424428539657,0.277121441375,39.581250000000004
257.1417265906779,0.277121441,39.6
257.14050417487124,0.277121109125,39.61875
257.1392860543477,0.27712077725000006,39.6375
257.13807220893256,0.277120445375,39.65625
257.13686261869265,0.2771201135,39.675
257.1356572634967,0.277119781625,39.69375
257.13445612350154,0.27711944975,39.7125
257.13325917890927,0.277119117875,39.73125
257.1325966903396,0.277118786,39.75
257.1324669004473,0.27711879962499997,39.76875
257.13233777952485,0.27711881325,39.7875
257.1322093243328,0.277118826875,39.806250000000006
257.1320815318411,0.2771188405,39.825
257.1319543990348,0.277118854125,39.84375
257.13182792271846,0.27711886775,39.862500000000004
257.1317020997113,0.277118881375,39.88125000000001
257.1318002433783,0.277118895,39.900000000000006
257.1321216188918,0.277119054125,39.91875
257.13244217829526,0.27711921325,39.93750000000001
257.1327619254704,0.277119372375,39.956250000000004
257.13308086423194,0.2771195315,39.97500000000001
257.1333989983281,0.27711969062499997,39.993750000000006
257.13371633168447,0.27711984975,40.0125
257.1340328679161,0.277120008875,40.03125000000001
257.13434861076684,0.277120168,40.050000000000004
